contrast_id,dataset,task,metric,first,second,seed,fold_id,window_length,a,b,delta
R0_vs_R2,d2_beef_uncontrolled,classification,macro_f1,R0,R2,0,0,16,0.5126215611917225,0.5075591519138675,0.005062409277855062
R0_vs_R2,d2_beef_uncontrolled,classification,macro_f1,R0,R2,0,1,16,0.0818713450292397,0.0818713450292397,0.0
R0_vs_R2,d2_beef_uncontrolled,classification,macro_f1,R0,R2,0,2,16,0.5899413660375246,0.5942693797542045,-0.0043280137166799015
R0_vs_R2,d2_beef_uncontrolled,classification,macro_f1,R0,R2,0,3,16,0.2859090605963745,0.2580540692762602,0.02785499132011432
R0_vs_R2,d2_beef_uncontrolled,classification,macro_f1,R0,R2,0,4,16,0.1001368368260906,0.1001792267314928,-4.2389905402187567e-05
R0_vs_R2,d2_beef_uncontrolled,classification,macro_f1,R0,R2,1,0,16,0.0565459614968656,0.1184258256291407,-0.06187986413227509
R0_vs_R2,d2_beef_uncontrolled,classification,macro_f1,R0,R2,1,1,16,0.1115037298782881,0.1123529411764705,-0.0008492112981823979
R0_vs_R2,d2_beef_uncontrolled,classification,macro_f1,R0,R2,1,2,16,0.1715696018021599,0.1576107080965852,0.01395889370557471
R0_vs_R2,d2_beef_uncontrolled,classification,macro_f1,R0,R2,1,3,16,0.6505643187151332,0.6518887459798044,-0.0013244272646711908
R0_vs_R2,d2_beef_uncontrolled,classification,macro_f1,R0,R2,1,4,16,0.3914540092107753,0.3840767598451423,0.0073772493656329985
R0_vs_R2,d2_beef_uncontrolled,classification,macro_f1,R0,R2,2,0,16,0.4958495583071866,0.5093220952727113,-0.01347253696552475
R0_vs_R2,d2_beef_uncontrolled,classification,macro_f1,R0,R2,2,1,16,0.1709515661687565,0.0906409372846313,0.08031062888412521
R0_vs_R2,d2_beef_uncontrolled,classification,macro_f1,R0,R2,2,2,16,0.5941756794007946,0.5079074061572739,0.08626827324352071
R0_vs_R2,d2_beef_uncontrolled,classification,macro_f1,R0,R2,2,3,16,0.1048327137546468,0.0996640537513997,0.0051686600032471025
R0_vs_R2,d2_beef_uncontrolled,classification,macro_f1,R0,R2,2,4,16,0.3279007143351571,0.4302132521916582,-0.10231253785650107
R0_vs_R2,d2_beef_uncontrolled,classification,macro_f1,R0,R2,3,0,16,0.1066772026866851,0.1005586592178771,0.0061185434688079965
R0_vs_R2,d2_beef_uncontrolled,classification,macro_f1,R0,R2,3,1,16,0.5204568054043203,0.6255109754086956,-0.10505417000437534
R0_vs_R2,d2_beef_uncontrolled,classification,macro_f1,R0,R2,3,2,16,0.1143096015761857,0.1445394616242332,-0.030229860048047508
R0_vs_R2,d2_beef_uncontrolled,classification,macro_f1,R0,R2,3,3,16,0.6570674304911018,0.6227287690957779,0.03433866139532393
R0_vs_R2,d2_beef_uncontrolled,classification,macro_f1,R0,R2,3,4,16,0.3050467167998437,0.3359660061890905,-0.030919289389246818
R0_vs_R2,d2_beef_uncontrolled,classification,macro_f1,R0,R2,4,0,16,0.3894883510117702,0.4031627138518623,-0.013674362840092102
R0_vs_R2,d2_beef_uncontrolled,classification,macro_f1,R0,R2,4,1,16,0.0818713450292397,0.0834326579261025,-0.0015613128968627876
R0_vs_R2,d2_beef_uncontrolled,classification,macro_f1,R0,R2,4,2,16,0.1154870624048706,0.1153398058252427,0.00014725657962789962
R0_vs_R2,d2_beef_uncontrolled,classification,macro_f1,R0,R2,4,3,16,0.3194406742172129,0.347542670572839,-0.028101996355626102
R0_vs_R2,d2_beef_uncontrolled,classification,macro_f1,R0,R2,4,4,16,0.2464093917821905,0.2480399033590523,-0.0016305115768617817
R0_vs_R2,d2_beef_uncontrolled,classification,macro_f1,R0,R2,5,0,16,0.1346856818780112,0.1820938994994948,-0.04740821762148362
R0_vs_R2,d2_beef_uncontrolled,classification,macro_f1,R0,R2,5,1,16,0.1537421361747568,0.2032338223119273,-0.049491686137170504
R0_vs_R2,d2_beef_uncontrolled,classification,macro_f1,R0,R2,5,2,16,0.2717268359023881,0.194136588873431,0.07759024702895712
R0_vs_R2,d2_beef_uncontrolled,classification,macro_f1,R0,R2,5,3,16,0.4594852753715976,0.4840495376339241,-0.024564262262326497
R0_vs_R2,d2_beef_uncontrolled,classification,macro_f1,R0,R2,5,4,16,0.0077319587628865,0.1701237439824238,-0.16239178521953732
R0_vs_R2,d2_beef_uncontrolled,classification,macro_f1,R0,R2,6,0,16,0.3328751043799008,0.3331286111808291,-0.0002535068009282826
R0_vs_R2,d2_beef_uncontrolled,classification,macro_f1,R0,R2,6,1,16,0.0420560747663551,0.2150773338919205,-0.17302125912556537
R0_vs_R2,d2_beef_uncontrolled,classification,macro_f1,R0,R2,6,2,16,0.3064874091528503,0.3352295409181637,-0.028742131765313428
R0_vs_R2,d2_beef_uncontrolled,classification,macro_f1,R0,R2,6,3,16,0.2807877793521764,0.2670074958445211,0.013780283507655311
R0_vs_R2,d2_beef_uncontrolled,classification,macro_f1,R0,R2,6,4,16,0.0740418118466899,0.028616102301542,0.045425709545147894
R0_vs_R2,d2_beef_uncontrolled,classification,macro_f1,R0,R2,7,0,16,0.3948497793766335,0.3937820328966794,0.0010677464799541125
R0_vs_R2,d2_beef_uncontrolled,classification,macro_f1,R0,R2,7,1,16,0.1983546617915905,0.1960694698354662,0.0022851919561243106
R0_vs_R2,d2_beef_uncontrolled,classification,macro_f1,R0,R2,7,2,16,0.2467232591614999,0.1640522627119248,0.0826709964495751
R0_vs_R2,d2_beef_uncontrolled,classification,macro_f1,R0,R2,7,3,16,0.2947128959280392,0.2940044391069645,0.0007084568210746767
R0_vs_R2,d2_beef_uncontrolled,classification,macro_f1,R0,R2,7,4,16,0.3303686955286266,0.3483321887552628,-0.017963493226636207
R0_vs_R2,d2_beef_uncontrolled,classification,macro_f1,R0,R2,8,0,16,0.5773952993012779,0.6175260282061588,-0.0401307289048809
R0_vs_R2,d2_beef_uncontrolled,classification,macro_f1,R0,R2,8,1,16,0.1177606177606177,0.1231343283582089,-0.005373710597591189
R0_vs_R2,d2_beef_uncontrolled,classification,macro_f1,R0,R2,8,2,16,0.2880110843877444,0.1578004891684137,0.13021059521933073
R0_vs_R2,d2_beef_uncontrolled,classification,macro_f1,R0,R2,8,3,16,0.444844638850312,0.4440686150990446,0.0007760237512673962
R0_vs_R2,d2_beef_uncontrolled,classification,macro_f1,R0,R2,8,4,16,0.1197263397947548,0.1015473887814313,0.018178951013323508
R0_vs_R2,d2_beef_uncontrolled,classification,macro_f1,R0,R2,9,0,16,0.0821917808219178,0.0896286811779769,-0.007436900356059095
R0_vs_R2,d2_beef_uncontrolled,classification,macro_f1,R0,R2,9,1,16,0.4491897917257261,0.4546832797161144,-0.0054934879903882905
R0_vs_R2,d2_beef_uncontrolled,classification,macro_f1,R0,R2,9,2,16,0.1153557345838864,0.1162790697674418,-0.0009233351835554043
R0_vs_R2,d2_beef_uncontrolled,classification,macro_f1,R0,R2,9,3,16,0.4902360864382316,0.5677958564435104,-0.0775597700052788
R0_vs_R2,d2_beef_uncontrolled,classification,macro_f1,R0,R2,9,4,16,0.4046009800674331,0.3632238742511466,0.04137710581628651
R0_vs_R2,d2_beef_uncontrolled,regression,mae,R0,R2,0,0,16,0.2201965585220193,0.2329721719046034,-0.012775613382584095
R0_vs_R2,d2_beef_uncontrolled,regression,mae,R0,R2,0,1,16,1.897723669027446,2.2988262150552616,-0.4011025460278157
R0_vs_R2,d2_beef_uncontrolled,regression,mae,R0,R2,0,2,16,0.2077259947753114,0.2459572961343686,-0.038231301359057196
R0_vs_R2,d2_beef_uncontrolled,regression,mae,R0,R2,0,3,16,5.500608867599297,4.645138209406668,0.8554706581926288
R0_vs_R2,d2_beef_uncontrolled,regression,mae,R0,R2,0,4,16,0.6245691473782818,0.6313895888063342,-0.006820441428052382
R0_vs_R2,d2_beef_uncontrolled,regression,mae,R0,R2,1,0,16,5.390955894548378,5.221089157664428,0.16986673688395015
R0_vs_R2,d2_beef_uncontrolled,regression,mae,R0,R2,1,1,16,16.05628057613728,16.478580065859155,-0.42229948972187614
R0_vs_R2,d2_beef_uncontrolled,regression,mae,R0,R2,1,2,16,1.0201452698543738,0.8309171433365163,0.18922812651785748
R0_vs_R2,d2_beef_uncontrolled,regression,mae,R0,R2,1,3,16,0.364439652044791,0.4221692131306461,-0.057729561085855086
R0_vs_R2,d2_beef_uncontrolled,regression,mae,R0,R2,1,4,16,0.3796473953914837,0.3614677912123358,0.01817960417914788
R0_vs_R2,d2_beef_uncontrolled,regression,mae,R0,R2,2,0,16,0.1637533231793897,0.177468553832352,-0.01371523065296229
R0_vs_R2,d2_beef_uncontrolled,regression,mae,R0,R2,2,1,16,1.7631271468881529,1.886102746639644,-0.1229755997514912
R0_vs_R2,d2_beef_uncontrolled,regression,mae,R0,R2,2,2,16,0.2409208986443916,0.2555564944063453,-0.014635595761953724
R0_vs_R2,d2_beef_uncontrolled,regression,mae,R0,R2,2,3,16,4.716146952776562,2.8326883318895115,1.8834586208870503
R0_vs_R2,d2_beef_uncontrolled,regression,mae,R0,R2,2,4,16,0.7328961521546055,0.8561708016135089,-0.12327464945890343
R0_vs_R2,d2_beef_uncontrolled,regression,mae,R0,R2,3,0,16,8.49518094073116,9.52866971440185,-1.0334887736706904
R0_vs_R2,d2_beef_uncontrolled,regression,mae,R0,R2,3,1,16,0.2499614447237848,0.2161429677218388,0.033818477001945985
R0_vs_R2,d2_beef_uncontrolled,regression,mae,R0,R2,3,2,16,1.5403604026796758,1.448912697000957,0.09144770567871885
R0_vs_R2,d2_beef_uncontrolled,regression,mae,R0,R2,3,3,16,0.2082870642156475,0.216707030227903,-0.008419966012255503
R0_vs_R2,d2_beef_uncontrolled,regression,mae,R0,R2,3,4,16,1.5254435365083434,1.1483493971107,0.37709413939764347
R0_vs_R2,d2_beef_uncontrolled,regression,mae,R0,R2,4,0,16,0.2272066073892299,0.1890485461537598,0.03815806123547011
R0_vs_R2,d2_beef_uncontrolled,regression,mae,R0,R2,4,1,16,1.107016265970839,0.9265448736017848,0.18047139236905407
R0_vs_R2,d2_beef_uncontrolled,regression,mae,R0,R2,4,2,16,12.454610751601797,14.211499660944275,-1.7568889093424787
R0_vs_R2,d2_beef_uncontrolled,regression,mae,R0,R2,4,3,16,1.0727693080179606,1.1665844575489914,-0.09381514953103087
R0_vs_R2,d2_beef_uncontrolled,regression,mae,R0,R2,4,4,16,0.4556760310379744,0.4154573200309224,0.04021871100705199
R0_vs_R2,d2_beef_uncontrolled,regression,mae,R0,R2,5,0,16,1.667623545906976,2.788255072698513,-1.120631526791537
R0_vs_R2,d2_beef_uncontrolled,regression,mae,R0,R2,5,1,16,0.3336082042185401,0.3322663729856001,0.0013418312329400162
R0_vs_R2,d2_beef_uncontrolled,regression,mae,R0,R2,5,2,16,0.8662594046989963,1.009684808469862,-0.14342540377086566
R0_vs_R2,d2_beef_uncontrolled,regression,mae,R0,R2,5,3,16,0.2957248144642236,0.2701544718386596,0.025570342625564013
R0_vs_R2,d2_beef_uncontrolled,regression,mae,R0,R2,5,4,16,5.620240192896387,5.597563064781372,0.022677128115014433
R0_vs_R2,d2_beef_uncontrolled,regression,mae,R0,R2,6,0,16,0.2072906361094553,0.2276968555105288,-0.020406219401073483
R0_vs_R2,d2_beef_uncontrolled,regression,mae,R0,R2,6,1,16,6.792254542667289,7.773004933552887,-0.9807503908855981
R0_vs_R2,d2_beef_uncontrolled,regression,mae,R0,R2,6,2,16,5.02926002525243,4.834338145217554,0.19492188003487598
R0_vs_R2,d2_beef_uncontrolled,regression,mae,R0,R2,6,3,16,0.3805234364703854,0.3852789232327591,-0.004755486762373695
R0_vs_R2,d2_beef_uncontrolled,regression,mae,R0,R2,6,4,16,0.6155147761999563,0.6238483420929568,-0.008333565893000494
R0_vs_R2,d2_beef_uncontrolled,regression,mae,R0,R2,7,0,16,0.3311896390749053,0.3018451714323926,0.029344467642512695
R0_vs_R2,d2_beef_uncontrolled,regression,mae,R0,R2,7,1,16,5.1160585199719675,4.717449052470037,0.39860946750193005
R0_vs_R2,d2_beef_uncontrolled,regression,mae,R0,R2,7,2,16,3.270965089665964,3.045188689817563,0.2257763998484008
R0_vs_R2,d2_beef_uncontrolled,regression,mae,R0,R2,7,3,16,1.0634304056772963,1.1197986736262038,-0.05636826794890748
R0_vs_R2,d2_beef_uncontrolled,regression,mae,R0,R2,7,4,16,0.3795927194295362,0.4475582559521577,-0.0679655365226215
R0_vs_R2,d2_beef_uncontrolled,regression,mae,R0,R2,8,0,16,0.2951350163438545,0.3008854909639108,-0.005750474620056345
R0_vs_R2,d2_beef_uncontrolled,regression,mae,R0,R2,8,1,16,3.791587335530544,6.669504405951043,-2.8779170704204993
R0_vs_R2,d2_beef_uncontrolled,regression,mae,R0,R2,8,2,16,0.7427099856501742,0.8894718674047348,-0.14676188175456062
R0_vs_R2,d2_beef_uncontrolled,regression,mae,R0,R2,8,3,16,0.2475150275117336,0.26360004816127,-0.016085020649536375
R0_vs_R2,d2_beef_uncontrolled,regression,mae,R0,R2,8,4,16,1.3620310173952797,1.4489714454457894,-0.08694042805050972
R0_vs_R2,d2_beef_uncontrolled,regression,mae,R0,R2,9,0,16,3.70047019117048,3.4083052652375954,0.2921649259328847
R0_vs_R2,d2_beef_uncontrolled,regression,mae,R0,R2,9,1,16,0.2748524806139655,0.2490122515276459,0.02584022908631961
R0_vs_R2,d2_beef_uncontrolled,regression,mae,R0,R2,9,2,16,3.9144285595580017,4.118681072203895,-0.20425251264589317
R0_vs_R2,d2_beef_uncontrolled,regression,mae,R0,R2,9,3,16,0.200982666171508,0.2101898477359643,-0.009207181564456296
R0_vs_R2,d2_beef_uncontrolled,regression,mae,R0,R2,9,4,16,0.4950472278237252,0.5779291330267258,-0.0828819052030006
R0_vs_R4,d2_beef_uncontrolled,classification,macro_f1,R0,R4,0,0,16,0.5126215611917225,0.4850866045860003,0.02753495660572225
R0_vs_R4,d2_beef_uncontrolled,classification,macro_f1,R0,R4,0,1,16,0.0818713450292397,0.0818713450292397,0.0
R0_vs_R4,d2_beef_uncontrolled,classification,macro_f1,R0,R4,0,2,16,0.5899413660375246,0.572325506471848,0.017615859565676573
R0_vs_R4,d2_beef_uncontrolled,classification,macro_f1,R0,R4,0,3,16,0.2859090605963745,0.1866543015675502,0.0992547590288243
R0_vs_R4,d2_beef_uncontrolled,classification,macro_f1,R0,R4,0,4,16,0.1001368368260906,0.0970647883243399,0.0030720485017507043
R0_vs_R4,d2_beef_uncontrolled,classification,macro_f1,R0,R4,1,0,16,0.0565459614968656,0.1313941986098757,-0.07484823711301009
R0_vs_R4,d2_beef_uncontrolled,classification,macro_f1,R0,R4,1,1,16,0.1115037298782881,0.1184413580246913,-0.006937628146403196
R0_vs_R4,d2_beef_uncontrolled,classification,macro_f1,R0,R4,1,2,16,0.1715696018021599,0.1037197842406781,0.06784981756148181
R0_vs_R4,d2_beef_uncontrolled,classification,macro_f1,R0,R4,1,3,16,0.6505643187151332,0.6462429080353609,0.0043214106797723195
R0_vs_R4,d2_beef_uncontrolled,classification,macro_f1,R0,R4,1,4,16,0.3914540092107753,0.3678355801836076,0.023618429027167653
R0_vs_R4,d2_beef_uncontrolled,classification,macro_f1,R0,R4,2,0,16,0.4958495583071866,0.378949269636874,0.1169002886703126
R0_vs_R4,d2_beef_uncontrolled,classification,macro_f1,R0,R4,2,1,16,0.1709515661687565,0.0818713450292397,0.0890802211395168
R0_vs_R4,d2_beef_uncontrolled,classification,macro_f1,R0,R4,2,2,16,0.5941756794007946,0.4838174602312883,0.11035821916950633
R0_vs_R4,d2_beef_uncontrolled,classification,macro_f1,R0,R4,2,3,16,0.1048327137546468,0.1015836230204712,0.0032490907341755915
R0_vs_R4,d2_beef_uncontrolled,classification,macro_f1,R0,R4,2,4,16,0.3279007143351571,0.3553185431742693,-0.0274178288391122
R0_vs_R4,d2_beef_uncontrolled,classification,macro_f1,R0,R4,3,0,16,0.1066772026866851,0.2502125363812276,-0.1435353336945425
R0_vs_R4,d2_beef_uncontrolled,classification,macro_f1,R0,R4,3,1,16,0.5204568054043203,0.648339083226782,-0.12788227782246175
R0_vs_R4,d2_beef_uncontrolled,classification,macro_f1,R0,R4,3,2,16,0.1143096015761857,0.164301394004006,-0.049991792427820314
R0_vs_R4,d2_beef_uncontrolled,classification,macro_f1,R0,R4,3,3,16,0.6570674304911018,0.6108986781345014,0.04616875235660045
R0_vs_R4,d2_beef_uncontrolled,classification,macro_f1,R0,R4,3,4,16,0.3050467167998437,0.2585758207726182,0.04647089602722548
R0_vs_R4,d2_beef_uncontrolled,classification,macro_f1,R0,R4,4,0,16,0.3894883510117702,0.3188302707556525,0.0706580802561177
R0_vs_R4,d2_beef_uncontrolled,classification,macro_f1,R0,R4,4,1,16,0.0818713450292397,0.0818713450292397,0.0
R0_vs_R4,d2_beef_uncontrolled,classification,macro_f1,R0,R4,4,2,16,0.1154870624048706,0.1193490054249547,-0.0038619430200841076
R0_vs_R4,d2_beef_uncontrolled,classification,macro_f1,R0,R4,4,3,16,0.3194406742172129,0.2942552759456091,0.02518539827160382
R0_vs_R4,d2_beef_uncontrolled,classification,macro_f1,R0,R4,4,4,16,0.2464093917821905,0.2366837516155288,0.00972564016666172
R0_vs_R4,d2_beef_uncontrolled,classification,macro_f1,R0,R4,5,0,16,0.1346856818780112,0.1254290812196836,0.00925660065832759
R0_vs_R4,d2_beef_uncontrolled,classification,macro_f1,R0,R4,5,1,16,0.1537421361747568,0.185817106572238,-0.032074970397481195
R0_vs_R4,d2_beef_uncontrolled,classification,macro_f1,R0,R4,5,2,16,0.2717268359023881,0.1928314987263365,0.0788953371760516
R0_vs_R4,d2_beef_uncontrolled,classification,macro_f1,R0,R4,5,3,16,0.4594852753715976,0.3834294587400177,0.0760558166315799
R0_vs_R4,d2_beef_uncontrolled,classification,macro_f1,R0,R4,5,4,16,0.0077319587628865,0.1139507997384219,-0.1062188409755354
R0_vs_R4,d2_beef_uncontrolled,classification,macro_f1,R0,R4,6,0,16,0.3328751043799008,0.3304136337205759,0.0024614706593248936
R0_vs_R4,d2_beef_uncontrolled,classification,macro_f1,R0,R4,6,1,16,0.0420560747663551,0.1004830917874396,-0.05842701702108449
R0_vs_R4,d2_beef_uncontrolled,classification,macro_f1,R0,R4,6,2,16,0.3064874091528503,0.2685280965664548,0.037959312586395455
R0_vs_R4,d2_beef_uncontrolled,classification,macro_f1,R0,R4,6,3,16,0.2807877793521764,0.2473362386685937,0.03345154068358272
R0_vs_R4,d2_beef_uncontrolled,classification,macro_f1,R0,R4,6,4,16,0.0740418118466899,0.1062573789846517,-0.032215567137961795
R0_vs_R4,d2_beef_uncontrolled,classification,macro_f1,R0,R4,7,0,16,0.3948497793766335,0.3963328125154097,-0.0014830331387761797
R0_vs_R4,d2_beef_uncontrolled,classification,macro_f1,R0,R4,7,1,16,0.1983546617915905,0.1584262497566607,0.039928412034929806
R0_vs_R4,d2_beef_uncontrolled,classification,macro_f1,R0,R4,7,2,16,0.2467232591614999,0.2584283675489766,-0.011705108387476681
R0_vs_R4,d2_beef_uncontrolled,classification,macro_f1,R0,R4,7,3,16,0.2947128959280392,0.2765040188079986,0.0182088771200406
R0_vs_R4,d2_beef_uncontrolled,classification,macro_f1,R0,R4,7,4,16,0.3303686955286266,0.3454032377467001,-0.015034542218073543
R0_vs_R4,d2_beef_uncontrolled,classification,macro_f1,R0,R4,8,0,16,0.5773952993012779,0.489890835136784,0.08750446416449387
R0_vs_R4,d2_beef_uncontrolled,classification,macro_f1,R0,R4,8,1,16,0.1177606177606177,0.2603502360721028,-0.1425896183114851
R0_vs_R4,d2_beef_uncontrolled,classification,macro_f1,R0,R4,8,2,16,0.2880110843877444,0.2369529312871981,0.051058153100546316
R0_vs_R4,d2_beef_uncontrolled,classification,macro_f1,R0,R4,8,3,16,0.444844638850312,0.509301658283384,-0.06445701943307203
R0_vs_R4,d2_beef_uncontrolled,classification,macro_f1,R0,R4,8,4,16,0.1197263397947548,0.1167964404894327,0.0029298993053221006
R0_vs_R4,d2_beef_uncontrolled,classification,macro_f1,R0,R4,9,0,16,0.0821917808219178,0.0819032761310452,0.0002885046908726041
R0_vs_R4,d2_beef_uncontrolled,classification,macro_f1,R0,R4,9,1,16,0.4491897917257261,0.5155434259222846,-0.06635363419655854
R0_vs_R4,d2_beef_uncontrolled,classification,macro_f1,R0,R4,9,2,16,0.1153557345838864,0.3546405756606684,-0.23928484107678202
R0_vs_R4,d2_beef_uncontrolled,classification,macro_f1,R0,R4,9,3,16,0.4902360864382316,0.4247887235909057,0.06544736284732589
R0_vs_R4,d2_beef_uncontrolled,classification,macro_f1,R0,R4,9,4,16,0.4046009800674331,0.3765842724310058,0.02801670763642733
R0_vs_R4,d2_beef_uncontrolled,regression,mae,R0,R4,0,0,16,0.2201965585220193,0.2407979334127149,-0.020601374890695606
R0_vs_R4,d2_beef_uncontrolled,regression,mae,R0,R4,0,1,16,1.897723669027446,4.288079020807455,-2.390355351780009
R0_vs_R4,d2_beef_uncontrolled,regression,mae,R0,R4,0,2,16,0.2077259947753114,0.2221592332102168,-0.014433238434905404
R0_vs_R4,d2_beef_uncontrolled,regression,mae,R0,R4,0,3,16,5.500608867599297,7.867000787849165,-2.3663919202498676
R0_vs_R4,d2_beef_uncontrolled,regression,mae,R0,R4,0,4,16,0.6245691473782818,0.6742747192397995,-0.049705571861517694
R0_vs_R4,d2_beef_uncontrolled,regression,mae,R0,R4,1,0,16,5.390955894548378,5.4920932153762765,-0.10113732082789806
R0_vs_R4,d2_beef_uncontrolled,regression,mae,R0,R4,1,1,16,16.05628057613728,16.823353116447276,-0.7670725403099965
R0_vs_R4,d2_beef_uncontrolled,regression,mae,R0,R4,1,2,16,1.0201452698543738,0.7377819855228233,0.28236328433155056
R0_vs_R4,d2_beef_uncontrolled,regression,mae,R0,R4,1,3,16,0.364439652044791,0.3605985577890692,0.003841094255721822
R0_vs_R4,d2_beef_uncontrolled,regression,mae,R0,R4,1,4,16,0.3796473953914837,0.3033488150605851,0.07629858033089859
R0_vs_R4,d2_beef_uncontrolled,regression,mae,R0,R4,2,0,16,0.1637533231793897,0.2355039304997373,-0.0717506073203476
R0_vs_R4,d2_beef_uncontrolled,regression,mae,R0,R4,2,1,16,1.7631271468881529,1.384832677929169,0.3782944689589838
R0_vs_R4,d2_beef_uncontrolled,regression,mae,R0,R4,2,2,16,0.2409208986443916,0.2576462656850874,-0.016725367040695827
R0_vs_R4,d2_beef_uncontrolled,regression,mae,R0,R4,2,3,16,4.716146952776562,3.385620533228997,1.330526419547565
R0_vs_R4,d2_beef_uncontrolled,regression,mae,R0,R4,2,4,16,0.7328961521546055,0.7494338868294691,-0.016537734674863636
R0_vs_R4,d2_beef_uncontrolled,regression,mae,R0,R4,3,0,16,8.49518094073116,2.123728394895514,6.371452545835647
R0_vs_R4,d2_beef_uncontrolled,regression,mae,R0,R4,3,1,16,0.2499614447237848,0.1940418338241468,0.055919610899637984
R0_vs_R4,d2_beef_uncontrolled,regression,mae,R0,R4,3,2,16,1.5403604026796758,1.6426746098250695,-0.10231420714539374
R0_vs_R4,d2_beef_uncontrolled,regression,mae,R0,R4,3,3,16,0.2082870642156475,0.2276369173671053,-0.01934985315145782
R0_vs_R4,d2_beef_uncontrolled,regression,mae,R0,R4,3,4,16,1.5254435365083434,1.6017670641126065,-0.07632352760426309
R0_vs_R4,d2_beef_uncontrolled,regression,mae,R0,R4,4,0,16,0.2272066073892299,0.3441668824114545,-0.11696027502222459
R0_vs_R4,d2_beef_uncontrolled,regression,mae,R0,R4,4,1,16,1.107016265970839,4.265151118420069,-3.15813485244923
R0_vs_R4,d2_beef_uncontrolled,regression,mae,R0,R4,4,2,16,12.454610751601797,18.35925052154792,-5.904639769946124
R0_vs_R4,d2_beef_uncontrolled,regression,mae,R0,R4,4,3,16,1.0727693080179606,1.073105812958283,-0.00033650494032233524
R0_vs_R4,d2_beef_uncontrolled,regression,mae,R0,R4,4,4,16,0.4556760310379744,0.4710955160743681,-0.015419485036393732
R0_vs_R4,d2_beef_uncontrolled,regression,mae,R0,R4,5,0,16,1.667623545906976,1.581765549401653,0.085857996505323
R0_vs_R4,d2_beef_uncontrolled,regression,mae,R0,R4,5,1,16,0.3336082042185401,0.4070797810484873,-0.0734715768299472
R0_vs_R4,d2_beef_uncontrolled,regression,mae,R0,R4,5,2,16,0.8662594046989963,1.2428465936164232,-0.37658718891742693
R0_vs_R4,d2_beef_uncontrolled,regression,mae,R0,R4,5,3,16,0.2957248144642236,0.2737387607344557,0.021986053729767918
R0_vs_R4,d2_beef_uncontrolled,regression,mae,R0,R4,5,4,16,5.620240192896387,3.959926865826175,1.6603133270702117
R0_vs_R4,d2_beef_uncontrolled,regression,mae,R0,R4,6,0,16,0.2072906361094553,0.2121095403573664,-0.004818904247911093
R0_vs_R4,d2_beef_uncontrolled,regression,mae,R0,R4,6,1,16,6.792254542667289,2.3829679545975506,4.4092865880697385
R0_vs_R4,d2_beef_uncontrolled,regression,mae,R0,R4,6,2,16,5.02926002525243,3.9113705767724136,1.1178894484800166
R0_vs_R4,d2_beef_uncontrolled,regression,mae,R0,R4,6,3,16,0.3805234364703854,0.36685310950062,0.01367032696976539
R0_vs_R4,d2_beef_uncontrolled,regression,mae,R0,R4,6,4,16,0.6155147761999563,0.5798461562593821,0.03566861994057424
R0_vs_R4,d2_beef_uncontrolled,regression,mae,R0,R4,7,0,16,0.3311896390749053,0.3049826070455377,0.026207032029367583
R0_vs_R4,d2_beef_uncontrolled,regression,mae,R0,R4,7,1,16,5.1160585199719675,3.4702617777869476,1.64579674218502
R0_vs_R4,d2_beef_uncontrolled,regression,mae,R0,R4,7,2,16,3.270965089665964,2.784621283899492,0.48634380576647196
R0_vs_R4,d2_beef_uncontrolled,regression,mae,R0,R4,7,3,16,1.0634304056772963,1.0571430331037917,0.006287372573504646
R0_vs_R4,d2_beef_uncontrolled,regression,mae,R0,R4,7,4,16,0.3795927194295362,0.3471960863102674,0.032396633119268825
R0_vs_R4,d2_beef_uncontrolled,regression,mae,R0,R4,8,0,16,0.2951350163438545,0.3413686998970742,-0.04623368355321972
R0_vs_R4,d2_beef_uncontrolled,regression,mae,R0,R4,8,1,16,3.791587335530544,8.324195028557865,-4.532607693027321
R0_vs_R4,d2_beef_uncontrolled,regression,mae,R0,R4,8,2,16,0.7427099856501742,1.3009499308381065,-0.5582399451879323
R0_vs_R4,d2_beef_uncontrolled,regression,mae,R0,R4,8,3,16,0.2475150275117336,0.2092766417441837,0.0382383857675499
R0_vs_R4,d2_beef_uncontrolled,regression,mae,R0,R4,8,4,16,1.3620310173952797,2.2550113509063276,-0.892980333511048
R0_vs_R4,d2_beef_uncontrolled,regression,mae,R0,R4,9,0,16,3.70047019117048,3.4312539882824216,0.2692162028880585
R0_vs_R4,d2_beef_uncontrolled,regression,mae,R0,R4,9,1,16,0.2748524806139655,0.2656988587221508,0.009153621891814678
R0_vs_R4,d2_beef_uncontrolled,regression,mae,R0,R4,9,2,16,3.9144285595580017,1.5119609009675317,2.40246765859047
R0_vs_R4,d2_beef_uncontrolled,regression,mae,R0,R4,9,3,16,0.200982666171508,0.260431117192928,-0.05944845102141999
R0_vs_R4,d2_beef_uncontrolled,regression,mae,R0,R4,9,4,16,0.4950472278237252,0.4074422099319361,0.0876050178917891
R0_vs_R3,d2_beef_uncontrolled,classification,macro_f1,R0,R3,0,0,16,0.5126215611917225,0.4614124983245052,0.051209062867217325
R0_vs_R3,d2_beef_uncontrolled,classification,macro_f1,R0,R3,0,1,16,0.0818713450292397,0.0909484625378952,-0.009077117508655488
R0_vs_R3,d2_beef_uncontrolled,classification,macro_f1,R0,R3,0,2,16,0.5899413660375246,0.5918543428525722,-0.0019129768150476512
R0_vs_R3,d2_beef_uncontrolled,classification,macro_f1,R0,R3,0,3,16,0.2859090605963745,0.2919938884644767,-0.006084827868102216
R0_vs_R3,d2_beef_uncontrolled,classification,macro_f1,R0,R3,0,4,16,0.1001368368260906,0.1264004222313502,-0.026263585405259596
R0_vs_R3,d2_beef_uncontrolled,classification,macro_f1,R0,R3,1,0,16,0.0565459614968656,0.1967341298803539,-0.1401881683834883
R0_vs_R3,d2_beef_uncontrolled,classification,macro_f1,R0,R3,1,1,16,0.1115037298782881,0.1086008719778042,0.0029028579004839045
R0_vs_R3,d2_beef_uncontrolled,classification,macro_f1,R0,R3,1,2,16,0.1715696018021599,0.1368454336946194,0.034724168107540504
R0_vs_R3,d2_beef_uncontrolled,classification,macro_f1,R0,R3,1,3,16,0.6505643187151332,0.6518811734385471,-0.0013168547234139183
R0_vs_R3,d2_beef_uncontrolled,classification,macro_f1,R0,R3,1,4,16,0.3914540092107753,0.3778880775425957,0.013565931668179598
R0_vs_R3,d2_beef_uncontrolled,classification,macro_f1,R0,R3,2,0,16,0.4958495583071866,0.5176152176644424,-0.02176565935725583
R0_vs_R3,d2_beef_uncontrolled,classification,macro_f1,R0,R3,2,1,16,0.1709515661687565,0.0503211991434689,0.12063036702528761
R0_vs_R3,d2_beef_uncontrolled,classification,macro_f1,R0,R3,2,2,16,0.5941756794007946,0.5890818797022025,0.0050937996985921385
R0_vs_R3,d2_beef_uncontrolled,classification,macro_f1,R0,R3,2,3,16,0.1048327137546468,0.0944579288025889,0.010374784952057903
R0_vs_R3,d2_beef_uncontrolled,classification,macro_f1,R0,R3,2,4,16,0.3279007143351571,0.1638117056662984,0.1640890086688587
R0_vs_R3,d2_beef_uncontrolled,classification,macro_f1,R0,R3,3,0,16,0.1066772026866851,0.1409414593544807,-0.03426425666779562
R0_vs_R3,d2_beef_uncontrolled,classification,macro_f1,R0,R3,3,1,16,0.5204568054043203,0.5449793322308716,-0.024522526826551316
R0_vs_R3,d2_beef_uncontrolled,classification,macro_f1,R0,R3,3,2,16,0.1143096015761857,0.1418253552880551,-0.0275157537118694
R0_vs_R3,d2_beef_uncontrolled,classification,macro_f1,R0,R3,3,3,16,0.6570674304911018,0.6479360920828857,0.009131338408216116
R0_vs_R3,d2_beef_uncontrolled,classification,macro_f1,R0,R3,3,4,16,0.3050467167998437,0.2462359584674236,0.05881075833242008
R0_vs_R3,d2_beef_uncontrolled,classification,macro_f1,R0,R3,4,0,16,0.3894883510117702,0.3274426536459363,0.06204569736583393
R0_vs_R3,d2_beef_uncontrolled,classification,macro_f1,R0,R3,4,1,16,0.0818713450292397,0.081967213114754,-9.586808551428905e-05
R0_vs_R3,d2_beef_uncontrolled,classification,macro_f1,R0,R3,4,2,16,0.1154870624048706,0.269677743221209,-0.1541906808163384
R0_vs_R3,d2_beef_uncontrolled,classification,macro_f1,R0,R3,4,3,16,0.3194406742172129,0.3153549832775749,0.004085690939638009
R0_vs_R3,d2_beef_uncontrolled,classification,macro_f1,R0,R3,4,4,16,0.2464093917821905,0.2673802538705086,-0.02097086208831811
R0_vs_R3,d2_beef_uncontrolled,classification,macro_f1,R0,R3,5,0,16,0.1346856818780112,0.1036013813517513,0.031084300526259892
R0_vs_R3,d2_beef_uncontrolled,classification,macro_f1,R0,R3,5,1,16,0.1537421361747568,0.1564977841657683,-0.002755647991011495
R0_vs_R3,d2_beef_uncontrolled,classification,macro_f1,R0,R3,5,2,16,0.2717268359023881,0.1661216340495746,0.1056052018528135
R0_vs_R3,d2_beef_uncontrolled,classification,macro_f1,R0,R3,5,3,16,0.4594852753715976,0.4335378302650851,0.025947445106512534
R0_vs_R3,d2_beef_uncontrolled,classification,macro_f1,R0,R3,5,4,16,0.0077319587628865,0.0855807966491533,-0.0778488378862668
R0_vs_R3,d2_beef_uncontrolled,classification,macro_f1,R0,R3,6,0,16,0.3328751043799008,0.2907459788173731,0.042129125562527736
R0_vs_R3,d2_beef_uncontrolled,classification,macro_f1,R0,R3,6,1,16,0.0420560747663551,0.1812049470879784,-0.13914887232162332
R0_vs_R3,d2_beef_uncontrolled,classification,macro_f1,R0,R3,6,2,16,0.3064874091528503,0.1017817371937639,0.20470567195908637
R0_vs_R3,d2_beef_uncontrolled,classification,macro_f1,R0,R3,6,3,16,0.2807877793521764,0.274002915755493,0.006784863596683399
R0_vs_R3,d2_beef_uncontrolled,classification,macro_f1,R0,R3,6,4,16,0.0740418118466899,0.0578102878716375,0.016231523975052398
R0_vs_R3,d2_beef_uncontrolled,classification,macro_f1,R0,R3,7,0,16,0.3948497793766335,0.3973602895735852,-0.0025105101969516985
R0_vs_R3,d2_beef_uncontrolled,classification,macro_f1,R0,R3,7,1,16,0.1983546617915905,0.1989393987458892,-0.000584736954298698
R0_vs_R3,d2_beef_uncontrolled,classification,macro_f1,R0,R3,7,2,16,0.2467232591614999,0.2012721412149311,0.04545111794656881
R0_vs_R3,d2_beef_uncontrolled,classification,macro_f1,R0,R3,7,3,16,0.2947128959280392,0.291545920277336,0.0031669756507031743
R0_vs_R3,d2_beef_uncontrolled,classification,macro_f1,R0,R3,7,4,16,0.3303686955286266,0.3439046825364396,-0.013535987007813
R0_vs_R3,d2_beef_uncontrolled,classification,macro_f1,R0,R3,8,0,16,0.5773952993012779,0.6149774221556155,-0.037582122854337596
R0_vs_R3,d2_beef_uncontrolled,classification,macro_f1,R0,R3,8,1,16,0.1177606177606177,0.1141367323290845,0.0036238854315332053
R0_vs_R3,d2_beef_uncontrolled,classification,macro_f1,R0,R3,8,2,16,0.2880110843877444,0.108695652173913,0.17931543221383142
R0_vs_R3,d2_beef_uncontrolled,classification,macro_f1,R0,R3,8,3,16,0.444844638850312,0.3894108897456584,0.055433749104653596
R0_vs_R3,d2_beef_uncontrolled,classification,macro_f1,R0,R3,8,4,16,0.1197263397947548,0.0948509485094851,0.024875391285269707
R0_vs_R3,d2_beef_uncontrolled,classification,macro_f1,R0,R3,9,0,16,0.0821917808219178,0.0849514563106796,-0.002759675488761798
R0_vs_R3,d2_beef_uncontrolled,classification,macro_f1,R0,R3,9,1,16,0.4491897917257261,0.3803268207095489,0.06886297101617722
R0_vs_R3,d2_beef_uncontrolled,classification,macro_f1,R0,R3,9,2,16,0.1153557345838864,0.3256077701964297,-0.21025203561254333
R0_vs_R3,d2_beef_uncontrolled,classification,macro_f1,R0,R3,9,3,16,0.4902360864382316,0.4287681615037119,0.06146792493451969
R0_vs_R3,d2_beef_uncontrolled,classification,macro_f1,R0,R3,9,4,16,0.4046009800674331,0.424750870476734,-0.020149890409300875
R0_vs_R3,d2_beef_uncontrolled,regression,mae,R0,R3,0,0,16,0.2201965585220193,0.2428242134788339,-0.022627654956814597
R0_vs_R3,d2_beef_uncontrolled,regression,mae,R0,R3,0,1,16,1.897723669027446,2.092886583180242,-0.19516291415279596
R0_vs_R3,d2_beef_uncontrolled,regression,mae,R0,R3,0,2,16,0.2077259947753114,0.2294626799677883,-0.0217366851924769
R0_vs_R3,d2_beef_uncontrolled,regression,mae,R0,R3,0,3,16,5.500608867599297,4.6052144775491,0.895394390050197
R0_vs_R3,d2_beef_uncontrolled,regression,mae,R0,R3,0,4,16,0.6245691473782818,0.6168891626542389,0.007679984724042965
R0_vs_R3,d2_beef_uncontrolled,regression,mae,R0,R3,1,0,16,5.390955894548378,6.1215810897727465,-0.7306251952243681
R0_vs_R3,d2_beef_uncontrolled,regression,mae,R0,R3,1,1,16,16.05628057613728,17.200338751341345,-1.1440581752040657
R0_vs_R3,d2_beef_uncontrolled,regression,mae,R0,R3,1,2,16,1.0201452698543738,0.9258617547275544,0.09428351512681943
R0_vs_R3,d2_beef_uncontrolled,regression,mae,R0,R3,1,3,16,0.364439652044791,0.4154156512652189,-0.05097599922042789
R0_vs_R3,d2_beef_uncontrolled,regression,mae,R0,R3,1,4,16,0.3796473953914837,0.4151023042308296,-0.03545490883934593
R0_vs_R3,d2_beef_uncontrolled,regression,mae,R0,R3,2,0,16,0.1637533231793897,0.1410802442877325,0.022673078891657206
R0_vs_R3,d2_beef_uncontrolled,regression,mae,R0,R3,2,1,16,1.7631271468881529,2.965537835787596,-1.202410688899443
R0_vs_R3,d2_beef_uncontrolled,regression,mae,R0,R3,2,2,16,0.2409208986443916,0.2838486685515614,-0.04292776990716979
R0_vs_R3,d2_beef_uncontrolled,regression,mae,R0,R3,2,3,16,4.716146952776562,4.180223428308533,0.5359235244680285
R0_vs_R3,d2_beef_uncontrolled,regression,mae,R0,R3,2,4,16,0.7328961521546055,0.6599148977850307,0.07298125436957481
R0_vs_R3,d2_beef_uncontrolled,regression,mae,R0,R3,3,0,16,8.49518094073116,8.631033573739899,-0.13585263300873862
R0_vs_R3,d2_beef_uncontrolled,regression,mae,R0,R3,3,1,16,0.2499614447237848,0.2515327225244013,-0.0015712778006164996
R0_vs_R3,d2_beef_uncontrolled,regression,mae,R0,R3,3,2,16,1.5403604026796758,1.3911836429484388,0.149176759731237
R0_vs_R3,d2_beef_uncontrolled,regression,mae,R0,R3,3,3,16,0.2082870642156475,0.2254567186681794,-0.017169654452531907
R0_vs_R3,d2_beef_uncontrolled,regression,mae,R0,R3,3,4,16,1.5254435365083434,1.6874594803418757,-0.16201594383353224
R0_vs_R3,d2_beef_uncontrolled,regression,mae,R0,R3,4,0,16,0.2272066073892299,0.24150971131983,-0.014303103930600108
R0_vs_R3,d2_beef_uncontrolled,regression,mae,R0,R3,4,1,16,1.107016265970839,1.279219585265761,-0.17220331929492216
R0_vs_R3,d2_beef_uncontrolled,regression,mae,R0,R3,4,2,16,12.454610751601797,11.001396980498315,1.4532137711034814
R0_vs_R3,d2_beef_uncontrolled,regression,mae,R0,R3,4,3,16,1.0727693080179606,1.0174139659323993,0.055355342085561254
R0_vs_R3,d2_beef_uncontrolled,regression,mae,R0,R3,4,4,16,0.4556760310379744,0.5979153665344005,-0.1422393354964261
R0_vs_R3,d2_beef_uncontrolled,regression,mae,R0,R3,5,0,16,1.667623545906976,2.081787006944861,-0.41416346103788504
R0_vs_R3,d2_beef_uncontrolled,regression,mae,R0,R3,5,1,16,0.3336082042185401,0.3607983631214819,-0.027190158902941797
R0_vs_R3,d2_beef_uncontrolled,regression,mae,R0,R3,5,2,16,0.8662594046989963,0.9409176606297858,-0.07465825593078945
R0_vs_R3,d2_beef_uncontrolled,regression,mae,R0,R3,5,3,16,0.2957248144642236,0.2522192703167332,0.043505544147490416
R0_vs_R3,d2_beef_uncontrolled,regression,mae,R0,R3,5,4,16,5.620240192896387,5.013711035596385,0.6065291573000016
R0_vs_R3,d2_beef_uncontrolled,regression,mae,R0,R3,6,0,16,0.2072906361094553,0.1950547788399877,0.012235857269467604
R0_vs_R3,d2_beef_uncontrolled,regression,mae,R0,R3,6,1,16,6.792254542667289,9.072291091493137,-2.280036548825848
R0_vs_R3,d2_beef_uncontrolled,regression,mae,R0,R3,6,2,16,5.02926002525243,5.730805776050653,-0.701545750798223
R0_vs_R3,d2_beef_uncontrolled,regression,mae,R0,R3,6,3,16,0.3805234364703854,0.4290135366518791,-0.04849010018149369
R0_vs_R3,d2_beef_uncontrolled,regression,mae,R0,R3,6,4,16,0.6155147761999563,0.6037522229770558,0.01176255322290054
R0_vs_R3,d2_beef_uncontrolled,regression,mae,R0,R3,7,0,16,0.3311896390749053,0.3543421159394587,-0.023152476864553406
R0_vs_R3,d2_beef_uncontrolled,regression,mae,R0,R3,7,1,16,5.1160585199719675,3.54811126353756,1.5679472564344077
R0_vs_R3,d2_beef_uncontrolled,regression,mae,R0,R3,7,2,16,3.270965089665964,2.0345587596012287,1.2364063300647352
R0_vs_R3,d2_beef_uncontrolled,regression,mae,R0,R3,7,3,16,1.0634304056772963,1.0698415279762448,-0.006411122298948468
R0_vs_R3,d2_beef_uncontrolled,regression,mae,R0,R3,7,4,16,0.3795927194295362,0.3464706326227599,0.03312208680677631
R0_vs_R3,d2_beef_uncontrolled,regression,mae,R0,R3,8,0,16,0.2951350163438545,0.277003084772228,0.01813193157162646
R0_vs_R3,d2_beef_uncontrolled,regression,mae,R0,R3,8,1,16,3.791587335530544,3.048070494775298,0.7435168407552459
R0_vs_R3,d2_beef_uncontrolled,regression,mae,R0,R3,8,2,16,0.7427099856501742,0.7757353237498011,-0.03302533809962693
R0_vs_R3,d2_beef_uncontrolled,regression,mae,R0,R3,8,3,16,0.2475150275117336,0.2680703570700529,-0.02055532955831929
R0_vs_R3,d2_beef_uncontrolled,regression,mae,R0,R3,8,4,16,1.3620310173952797,1.022747739497171,0.33928327789810875
R0_vs_R3,d2_beef_uncontrolled,regression,mae,R0,R3,9,0,16,3.70047019117048,2.5220211191736617,1.1784490719968184
R0_vs_R3,d2_beef_uncontrolled,regression,mae,R0,R3,9,1,16,0.2748524806139655,0.2321708576164697,0.04268162299749581
R0_vs_R3,d2_beef_uncontrolled,regression,mae,R0,R3,9,2,16,3.9144285595580017,3.057408701605238,0.8570198579527637
R0_vs_R3,d2_beef_uncontrolled,regression,mae,R0,R3,9,3,16,0.200982666171508,0.2396000490943626,-0.038617382922854604
R0_vs_R3,d2_beef_uncontrolled,regression,mae,R0,R3,9,4,16,0.4950472278237252,0.3177324806254672,0.17731474719825796
R0_vs_R5,d2_beef_uncontrolled,classification,macro_f1,R0,R5,0,0,16,0.5126215611917225,0.5521597274121429,-0.03953816622042039
R0_vs_R5,d2_beef_uncontrolled,classification,macro_f1,R0,R5,0,1,16,0.0818713450292397,0.0818713450292397,0.0
R0_vs_R5,d2_beef_uncontrolled,classification,macro_f1,R0,R5,0,2,16,0.5899413660375246,0.5974227172679074,-0.007481351230382849
R0_vs_R5,d2_beef_uncontrolled,classification,macro_f1,R0,R5,0,3,16,0.2859090605963745,0.1167583427082214,0.1691507178881531
R0_vs_R5,d2_beef_uncontrolled,classification,macro_f1,R0,R5,0,4,16,0.1001368368260906,0.0928251121076233,0.007311724718467305
R0_vs_R5,d2_beef_uncontrolled,classification,macro_f1,R0,R5,1,0,16,0.0565459614968656,0.2182745497189892,-0.1617285882221236
R0_vs_R5,d2_beef_uncontrolled,classification,macro_f1,R0,R5,1,1,16,0.1115037298782881,0.1167119038386971,-0.005208173960408999
R0_vs_R5,d2_beef_uncontrolled,classification,macro_f1,R0,R5,1,2,16,0.1715696018021599,0.1628647834139013,0.008704818388258623
R0_vs_R5,d2_beef_uncontrolled,classification,macro_f1,R0,R5,1,3,16,0.6505643187151332,0.6265088741585493,0.024055444556583927
R0_vs_R5,d2_beef_uncontrolled,classification,macro_f1,R0,R5,1,4,16,0.3914540092107753,0.3719097115237979,0.019544297686977352
R0_vs_R5,d2_beef_uncontrolled,classification,macro_f1,R0,R5,2,0,16,0.4958495583071866,0.4386113079935755,0.05723825031361107
R0_vs_R5,d2_beef_uncontrolled,classification,macro_f1,R0,R5,2,1,16,0.1709515661687565,0.2816835192450206,-0.1107319530762641
R0_vs_R5,d2_beef_uncontrolled,classification,macro_f1,R0,R5,2,2,16,0.5941756794007946,0.6120026996716766,-0.01782702027088201
R0_vs_R5,d2_beef_uncontrolled,classification,macro_f1,R0,R5,2,3,16,0.1048327137546468,0.1001118568232662,0.004720856931380593
R0_vs_R5,d2_beef_uncontrolled,classification,macro_f1,R0,R5,2,4,16,0.3279007143351571,0.3603208534745413,-0.032420139139384185
R0_vs_R5,d2_beef_uncontrolled,classification,macro_f1,R0,R5,3,0,16,0.1066772026866851,0.1005586592178771,0.0061185434688079965
R0_vs_R5,d2_beef_uncontrolled,classification,macro_f1,R0,R5,3,1,16,0.5204568054043203,0.5337870239724303,-0.013330218568110008
R0_vs_R5,d2_beef_uncontrolled,classification,macro_f1,R0,R5,3,2,16,0.1143096015761857,0.1486900004187385,-0.03438039884255281
R0_vs_R5,d2_beef_uncontrolled,classification,macro_f1,R0,R5,3,3,16,0.6570674304911018,0.6264865675498161,0.030580862941285702
R0_vs_R5,d2_beef_uncontrolled,classification,macro_f1,R0,R5,3,4,16,0.3050467167998437,0.218652950310559,0.08639376648928468
R0_vs_R5,d2_beef_uncontrolled,classification,macro_f1,R0,R5,4,0,16,0.3894883510117702,0.5426245990575442,-0.15313624804577403
R0_vs_R5,d2_beef_uncontrolled,classification,macro_f1,R0,R5,4,1,16,0.0818713450292397,0.0818713450292397,0.0
R0_vs_R5,d2_beef_uncontrolled,classification,macro_f1,R0,R5,4,2,16,0.1154870624048706,0.1245727307254082,-0.009085668320537602
R0_vs_R5,d2_beef_uncontrolled,classification,macro_f1,R0,R5,4,3,16,0.3194406742172129,0.2420339675188661,0.07740670669834679
R0_vs_R5,d2_beef_uncontrolled,classification,macro_f1,R0,R5,4,4,16,0.2464093917821905,0.2606140403323404,-0.014204648550149912
R0_vs_R5,d2_beef_uncontrolled,classification,macro_f1,R0,R5,5,0,16,0.1346856818780112,0.3211363207282935,-0.18645063885028232
R0_vs_R5,d2_beef_uncontrolled,classification,macro_f1,R0,R5,5,1,16,0.1537421361747568,0.1460861139197843,0.0076560222549725
R0_vs_R5,d2_beef_uncontrolled,classification,macro_f1,R0,R5,5,2,16,0.2717268359023881,0.0945333870301312,0.1771934488722569
R0_vs_R5,d2_beef_uncontrolled,classification,macro_f1,R0,R5,5,3,16,0.4594852753715976,0.5039318224623976,-0.04444654709080004
R0_vs_R5,d2_beef_uncontrolled,classification,macro_f1,R0,R5,5,4,16,0.0077319587628865,0.1278067804622388,-0.12007482169935231
R0_vs_R5,d2_beef_uncontrolled,classification,macro_f1,R0,R5,6,0,16,0.3328751043799008,0.2944761531760191,0.038398951203881704
R0_vs_R5,d2_beef_uncontrolled,classification,macro_f1,R0,R5,6,1,16,0.0420560747663551,0.1901874201067749,-0.14813134534041977
R0_vs_R5,d2_beef_uncontrolled,classification,macro_f1,R0,R5,6,2,16,0.3064874091528503,0.3073099564047354,-0.0008225472518851307
R0_vs_R5,d2_beef_uncontrolled,classification,macro_f1,R0,R5,6,3,16,0.2807877793521764,0.2887340890994281,-0.00794630974725169
R0_vs_R5,d2_beef_uncontrolled,classification,macro_f1,R0,R5,6,4,16,0.0740418118466899,0.0806546615213682,-0.006612849674678303
R0_vs_R5,d2_beef_uncontrolled,classification,macro_f1,R0,R5,7,0,16,0.3948497793766335,0.4018906431000744,-0.007040863723440871
R0_vs_R5,d2_beef_uncontrolled,classification,macro_f1,R0,R5,7,1,16,0.1983546617915905,0.2192463608463157,-0.02089169905472521
R0_vs_R5,d2_beef_uncontrolled,classification,macro_f1,R0,R5,7,2,16,0.2467232591614999,0.1407035175879397,0.1060197415735602
R0_vs_R5,d2_beef_uncontrolled,classification,macro_f1,R0,R5,7,3,16,0.2947128959280392,0.3152149638375241,-0.020502067909484945
R0_vs_R5,d2_beef_uncontrolled,classification,macro_f1,R0,R5,7,4,16,0.3303686955286266,0.3299490626322158,0.00041963289641078205
R0_vs_R5,d2_beef_uncontrolled,classification,macro_f1,R0,R5,8,0,16,0.5773952993012779,0.6793082034573699,-0.101912904156092
R0_vs_R5,d2_beef_uncontrolled,classification,macro_f1,R0,R5,8,1,16,0.1177606177606177,0.123734533183352,-0.005973915422734288
R0_vs_R5,d2_beef_uncontrolled,classification,macro_f1,R0,R5,8,2,16,0.2880110843877444,0.2361178174794785,0.05189326690826593
R0_vs_R5,d2_beef_uncontrolled,classification,macro_f1,R0,R5,8,3,16,0.444844638850312,0.3211850381246133,0.1236596007256987
R0_vs_R5,d2_beef_uncontrolled,classification,macro_f1,R0,R5,8,4,16,0.1197263397947548,0.1351351351351351,-0.015408795340380282
R0_vs_R5,d2_beef_uncontrolled,classification,macro_f1,R0,R5,9,0,16,0.0821917808219178,0.1495726495726495,-0.06738086875073171
R0_vs_R5,d2_beef_uncontrolled,classification,macro_f1,R0,R5,9,1,16,0.4491897917257261,0.3986391611326432,0.0505506305930829
R0_vs_R5,d2_beef_uncontrolled,classification,macro_f1,R0,R5,9,2,16,0.1153557345838864,0.1180555555555555,-0.002699820971669098
R0_vs_R5,d2_beef_uncontrolled,classification,macro_f1,R0,R5,9,3,16,0.4902360864382316,0.5075312717175073,-0.01729518527927576
R0_vs_R5,d2_beef_uncontrolled,classification,macro_f1,R0,R5,9,4,16,0.4046009800674331,0.2702463522094648,0.1343546278579683
R0_vs_R5,d2_beef_uncontrolled,regression,mae,R0,R5,0,0,16,0.2201965585220193,0.2767834668663262,-0.05658690834430691
R0_vs_R5,d2_beef_uncontrolled,regression,mae,R0,R5,0,1,16,1.897723669027446,2.4006473715100256,-0.5029237024825797
R0_vs_R5,d2_beef_uncontrolled,regression,mae,R0,R5,0,2,16,0.2077259947753114,0.2135001536945178,-0.005774158919206407
R0_vs_R5,d2_beef_uncontrolled,regression,mae,R0,R5,0,3,16,5.500608867599297,4.931725070570119,0.5688837970291782
R0_vs_R5,d2_beef_uncontrolled,regression,mae,R0,R5,0,4,16,0.6245691473782818,0.7219717573564092,-0.09740260997812733
R0_vs_R5,d2_beef_uncontrolled,regression,mae,R0,R5,1,0,16,5.390955894548378,5.624739671384809,-0.2337837768364306
R0_vs_R5,d2_beef_uncontrolled,regression,mae,R0,R5,1,1,16,16.05628057613728,14.649016290864957,1.4072642852723227
R0_vs_R5,d2_beef_uncontrolled,regression,mae,R0,R5,1,2,16,1.0201452698543738,1.0816743148757766,-0.06152904502140277
R0_vs_R5,d2_beef_uncontrolled,regression,mae,R0,R5,1,3,16,0.364439652044791,0.3215445931144886,0.04289505893030243
R0_vs_R5,d2_beef_uncontrolled,regression,mae,R0,R5,1,4,16,0.3796473953914837,0.3333735471056935,0.046273848285790176
R0_vs_R5,d2_beef_uncontrolled,regression,mae,R0,R5,2,0,16,0.1637533231793897,0.1576868212043759,0.006066501975013794
R0_vs_R5,d2_beef_uncontrolled,regression,mae,R0,R5,2,1,16,1.7631271468881529,1.644880651826791,0.11824649506136176
R0_vs_R5,d2_beef_uncontrolled,regression,mae,R0,R5,2,2,16,0.2409208986443916,0.2332584442493012,0.00766245439509039
R0_vs_R5,d2_beef_uncontrolled,regression,mae,R0,R5,2,3,16,4.716146952776562,7.346050035808038,-2.6299030830314765
R0_vs_R5,d2_beef_uncontrolled,regression,mae,R0,R5,2,4,16,0.7328961521546055,0.508788754383425,0.2241073977711805
R0_vs_R5,d2_beef_uncontrolled,regression,mae,R0,R5,3,0,16,8.49518094073116,6.4049056496810115,2.0902752910501485
R0_vs_R5,d2_beef_uncontrolled,regression,mae,R0,R5,3,1,16,0.2499614447237848,0.4097495963581676,-0.1597881516343828
R0_vs_R5,d2_beef_uncontrolled,regression,mae,R0,R5,3,2,16,1.5403604026796758,1.3088101855635863,0.23155021711608947
R0_vs_R5,d2_beef_uncontrolled,regression,mae,R0,R5,3,3,16,0.2082870642156475,0.2166887383486718,-0.008401674133024312
R0_vs_R5,d2_beef_uncontrolled,regression,mae,R0,R5,3,4,16,1.5254435365083434,1.5457326598909624,-0.020289123382619012
R0_vs_R5,d2_beef_uncontrolled,regression,mae,R0,R5,4,0,16,0.2272066073892299,0.221681889513555,0.005524717875674906
R0_vs_R5,d2_beef_uncontrolled,regression,mae,R0,R5,4,1,16,1.107016265970839,12.37590270368992,-11.268886437719082
R0_vs_R5,d2_beef_uncontrolled,regression,mae,R0,R5,4,2,16,12.454610751601797,15.40116667518158,-2.9465559235797834
R0_vs_R5,d2_beef_uncontrolled,regression,mae,R0,R5,4,3,16,1.0727693080179606,0.9965028159868644,0.07626649203109614
R0_vs_R5,d2_beef_uncontrolled,regression,mae,R0,R5,4,4,16,0.4556760310379744,0.5897908824615875,-0.13411485142361312
R0_vs_R5,d2_beef_uncontrolled,regression,mae,R0,R5,5,0,16,1.667623545906976,2.2561637568439132,-0.5885402109369373
R0_vs_R5,d2_beef_uncontrolled,regression,mae,R0,R5,5,1,16,0.3336082042185401,0.3214986997995448,0.012109504418995276
R0_vs_R5,d2_beef_uncontrolled,regression,mae,R0,R5,5,2,16,0.8662594046989963,1.081891536523141,-0.21563213182414465
R0_vs_R5,d2_beef_uncontrolled,regression,mae,R0,R5,5,3,16,0.2957248144642236,0.371801725034053,-0.0760769105698294
R0_vs_R5,d2_beef_uncontrolled,regression,mae,R0,R5,5,4,16,5.620240192896387,5.840620927379443,-0.22038073448305617
R0_vs_R5,d2_beef_uncontrolled,regression,mae,R0,R5,6,0,16,0.2072906361094553,0.2458717336736378,-0.03858109756418249
R0_vs_R5,d2_beef_uncontrolled,regression,mae,R0,R5,6,1,16,6.792254542667289,10.018434448303198,-3.2261799056359095
R0_vs_R5,d2_beef_uncontrolled,regression,mae,R0,R5,6,2,16,5.02926002525243,4.415623920883075,0.6136361043693555
R0_vs_R5,d2_beef_uncontrolled,regression,mae,R0,R5,6,3,16,0.3805234364703854,0.3875587852451915,-0.007035348774806105
R0_vs_R5,d2_beef_uncontrolled,regression,mae,R0,R5,6,4,16,0.6155147761999563,0.6308959316651432,-0.015381155465186924
R0_vs_R5,d2_beef_uncontrolled,regression,mae,R0,R5,7,0,16,0.3311896390749053,0.379711845789934,-0.048522206715028715
R0_vs_R5,d2_beef_uncontrolled,regression,mae,R0,R5,7,1,16,5.1160585199719675,5.729405441018071,-0.6133469210461033
R0_vs_R5,d2_beef_uncontrolled,regression,mae,R0,R5,7,2,16,3.270965089665964,2.475458831000584,0.7955062586653798
R0_vs_R5,d2_beef_uncontrolled,regression,mae,R0,R5,7,3,16,1.0634304056772963,1.0679827423181936,-0.00455233664089727
R0_vs_R5,d2_beef_uncontrolled,regression,mae,R0,R5,7,4,16,0.3795927194295362,0.387251915288953,-0.0076591958594167675
R0_vs_R5,d2_beef_uncontrolled,regression,mae,R0,R5,8,0,16,0.2951350163438545,0.2763847732210647,0.018750243122789778
R0_vs_R5,d2_beef_uncontrolled,regression,mae,R0,R5,8,1,16,3.791587335530544,4.021870285410357,-0.23028294987981335
R0_vs_R5,d2_beef_uncontrolled,regression,mae,R0,R5,8,2,16,0.7427099856501742,0.8297852173629667,-0.08707523171279252
R0_vs_R5,d2_beef_uncontrolled,regression,mae,R0,R5,8,3,16,0.2475150275117336,0.2689441422003012,-0.02142911468856762
R0_vs_R5,d2_beef_uncontrolled,regression,mae,R0,R5,8,4,16,1.3620310173952797,2.640005027207628,-1.2779740098123484
R0_vs_R5,d2_beef_uncontrolled,regression,mae,R0,R5,9,0,16,3.70047019117048,4.666916702464329,-0.966446511293849
R0_vs_R5,d2_beef_uncontrolled,regression,mae,R0,R5,9,1,16,0.2748524806139655,0.2298334310037667,0.045019049610198786
R0_vs_R5,d2_beef_uncontrolled,regression,mae,R0,R5,9,2,16,3.9144285595580017,1.4595641357361024,2.454864423821899
R0_vs_R5,d2_beef_uncontrolled,regression,mae,R0,R5,9,3,16,0.200982666171508,0.237097360445251,-0.036114694273743
R0_vs_R5,d2_beef_uncontrolled,regression,mae,R0,R5,9,4,16,0.4950472278237252,0.3578271449898298,0.13722008283389536
R0_vs_R1,d2_beef_uncontrolled,classification,macro_f1,R0,R1,0,0,16,0.5126215611917225,0.5057386096565064,0.00688295153521612
R0_vs_R1,d2_beef_uncontrolled,classification,macro_f1,R0,R1,0,1,16,0.0818713450292397,0.0818713450292397,0.0
R0_vs_R1,d2_beef_uncontrolled,classification,macro_f1,R0,R1,0,2,16,0.5899413660375246,0.5949691209331067,-0.005027754895582159
R0_vs_R1,d2_beef_uncontrolled,classification,macro_f1,R0,R1,0,3,16,0.2859090605963745,0.2448930819596593,0.04101597863671519
R0_vs_R1,d2_beef_uncontrolled,classification,macro_f1,R0,R1,0,4,16,0.1001368368260906,0.1098281727498126,-0.009691335923721997
R0_vs_R1,d2_beef_uncontrolled,classification,macro_f1,R0,R1,1,0,16,0.0565459614968656,0.0493204098847881,0.0072255516120775035
R0_vs_R1,d2_beef_uncontrolled,classification,macro_f1,R0,R1,1,1,16,0.1115037298782881,0.1125685199686765,-0.0010647900903884011
R0_vs_R1,d2_beef_uncontrolled,classification,macro_f1,R0,R1,1,2,16,0.1715696018021599,0.1510704491989031,0.0204991526032568
R0_vs_R1,d2_beef_uncontrolled,classification,macro_f1,R0,R1,1,3,16,0.6505643187151332,0.6509620809612015,-0.00039776224606824506
R0_vs_R1,d2_beef_uncontrolled,classification,macro_f1,R0,R1,1,4,16,0.3914540092107753,0.3872647516626574,0.004189257548117886
R0_vs_R1,d2_beef_uncontrolled,classification,macro_f1,R0,R1,2,0,16,0.4958495583071866,0.4799824494151079,0.015867108892078652
R0_vs_R1,d2_beef_uncontrolled,classification,macro_f1,R0,R1,2,1,16,0.1709515661687565,0.1049731182795699,0.06597844788918661
R0_vs_R1,d2_beef_uncontrolled,classification,macro_f1,R0,R1,2,2,16,0.5941756794007946,0.5803773069068745,0.01379837249392013
R0_vs_R1,d2_beef_uncontrolled,classification,macro_f1,R0,R1,2,3,16,0.1048327137546468,0.1081487044686443,-0.0033159907139975048
R0_vs_R1,d2_beef_uncontrolled,classification,macro_f1,R0,R1,2,4,16,0.3279007143351571,0.3904624929040629,-0.06256177856890577
R0_vs_R1,d2_beef_uncontrolled,classification,macro_f1,R0,R1,3,0,16,0.1066772026866851,0.1201067615658363,-0.013429558879151204
R0_vs_R1,d2_beef_uncontrolled,classification,macro_f1,R0,R1,3,1,16,0.5204568054043203,0.6254529692742138,-0.10499616386989352
R0_vs_R1,d2_beef_uncontrolled,classification,macro_f1,R0,R1,3,2,16,0.1143096015761857,0.125819047363706,-0.011509445787520306
R0_vs_R1,d2_beef_uncontrolled,classification,macro_f1,R0,R1,3,3,16,0.6570674304911018,0.6523751452624119,0.004692285228689919
R0_vs_R1,d2_beef_uncontrolled,classification,macro_f1,R0,R1,3,4,16,0.3050467167998437,0.2344054253676223,0.07064129143222139
R0_vs_R1,d2_beef_uncontrolled,classification,macro_f1,R0,R1,4,0,16,0.3894883510117702,0.3361424866487574,0.05334586436301281
R0_vs_R1,d2_beef_uncontrolled,classification,macro_f1,R0,R1,4,1,16,0.0818713450292397,0.0818713450292397,0.0
R0_vs_R1,d2_beef_uncontrolled,classification,macro_f1,R0,R1,4,2,16,0.1154870624048706,0.1114851485148514,0.004001913890019193
R0_vs_R1,d2_beef_uncontrolled,classification,macro_f1,R0,R1,4,3,16,0.3194406742172129,0.3327259306503285,-0.013285256433115622
R0_vs_R1,d2_beef_uncontrolled,classification,macro_f1,R0,R1,4,4,16,0.2464093917821905,0.2618162017257267,-0.015406809943536215
R0_vs_R1,d2_beef_uncontrolled,classification,macro_f1,R0,R1,5,0,16,0.1346856818780112,0.1887792426851358,-0.0540935608071246
R0_vs_R1,d2_beef_uncontrolled,classification,macro_f1,R0,R1,5,1,16,0.1537421361747568,0.1574621212121212,-0.0037199850373643983
R0_vs_R1,d2_beef_uncontrolled,classification,macro_f1,R0,R1,5,2,16,0.2717268359023881,0.2495315649049323,0.0221952709974558
R0_vs_R1,d2_beef_uncontrolled,classification,macro_f1,R0,R1,5,3,16,0.4594852753715976,0.4750329709199326,-0.015547695548334961
R0_vs_R1,d2_beef_uncontrolled,classification,macro_f1,R0,R1,5,4,16,0.0077319587628865,0.1477758267486099,-0.1400438679857234
R0_vs_R1,d2_beef_uncontrolled,classification,macro_f1,R0,R1,6,0,16,0.3328751043799008,0.3442078687464892,-0.011332764366588366
R0_vs_R1,d2_beef_uncontrolled,classification,macro_f1,R0,R1,6,1,16,0.0420560747663551,0.0961180546607682,-0.054061979894413095
R0_vs_R1,d2_beef_uncontrolled,classification,macro_f1,R0,R1,6,2,16,0.3064874091528503,0.3672065941438635,-0.0607191849910132
R0_vs_R1,d2_beef_uncontrolled,classification,macro_f1,R0,R1,6,3,16,0.2807877793521764,0.2870234146709497,-0.006235635318773303
R0_vs_R1,d2_beef_uncontrolled,classification,macro_f1,R0,R1,6,4,16,0.0740418118466899,0.0947081058378832,-0.020666293991193296
R0_vs_R1,d2_beef_uncontrolled,classification,macro_f1,R0,R1,7,0,16,0.3948497793766335,0.3942036180568817,0.0006461613197518146
R0_vs_R1,d2_beef_uncontrolled,classification,macro_f1,R0,R1,7,1,16,0.1983546617915905,0.183439005442686,0.014915656348904516
R0_vs_R1,d2_beef_uncontrolled,classification,macro_f1,R0,R1,7,2,16,0.2467232591614999,0.2613637155985692,-0.014640456437069294
R0_vs_R1,d2_beef_uncontrolled,classification,macro_f1,R0,R1,7,3,16,0.2947128959280392,0.2903933467818491,0.004319549146190094
R0_vs_R1,d2_beef_uncontrolled,classification,macro_f1,R0,R1,7,4,16,0.3303686955286266,0.3439918527593258,-0.013623157230699234
R0_vs_R1,d2_beef_uncontrolled,classification,macro_f1,R0,R1,8,0,16,0.5773952993012779,0.5626689475912203,0.01472635171005754
R0_vs_R1,d2_beef_uncontrolled,classification,macro_f1,R0,R1,8,1,16,0.1177606177606177,0.1182959300114111,-0.0005353122507933961
R0_vs_R1,d2_beef_uncontrolled,classification,macro_f1,R0,R1,8,2,16,0.2880110843877444,0.2746658492650954,0.013345235122649013
R0_vs_R1,d2_beef_uncontrolled,classification,macro_f1,R0,R1,8,3,16,0.444844638850312,0.3870016176659925,0.0578430211843195
R0_vs_R1,d2_beef_uncontrolled,classification,macro_f1,R0,R1,8,4,16,0.1197263397947548,0.0867768595041322,0.0329494802906226
R0_vs_R1,d2_beef_uncontrolled,classification,macro_f1,R0,R1,9,0,16,0.0821917808219178,0.0819992190550566,0.0001925617668612073
R0_vs_R1,d2_beef_uncontrolled,classification,macro_f1,R0,R1,9,1,16,0.4491897917257261,0.4122480481126735,0.03694174361305258
R0_vs_R1,d2_beef_uncontrolled,classification,macro_f1,R0,R1,9,2,16,0.1153557345838864,0.1281507460304736,-0.012795011446587207
R0_vs_R1,d2_beef_uncontrolled,classification,macro_f1,R0,R1,9,3,16,0.4902360864382316,0.4855685139452045,0.004667572493027072
R0_vs_R1,d2_beef_uncontrolled,classification,macro_f1,R0,R1,9,4,16,0.4046009800674331,0.5421951773342137,-0.13759419726678063
R0_vs_R1,d2_beef_uncontrolled,regression,mae,R0,R1,0,0,16,0.2201965585220193,0.2295885609473788,-0.009392002425359508
R0_vs_R1,d2_beef_uncontrolled,regression,mae,R0,R1,0,1,16,1.897723669027446,1.7952418884941923,0.10248178053325363
R0_vs_R1,d2_beef_uncontrolled,regression,mae,R0,R1,0,2,16,0.2077259947753114,0.2047622794153225,0.0029637153599889055
R0_vs_R1,d2_beef_uncontrolled,regression,mae,R0,R1,0,3,16,5.500608867599297,5.918122539248712,-0.4175136716494148
R0_vs_R1,d2_beef_uncontrolled,regression,mae,R0,R1,0,4,16,0.6245691473782818,0.695862965799942,-0.07129381842166016
R0_vs_R1,d2_beef_uncontrolled,regression,mae,R0,R1,1,0,16,5.390955894548378,4.130685571274159,1.2602703232742192
R0_vs_R1,d2_beef_uncontrolled,regression,mae,R0,R1,1,1,16,16.05628057613728,16.735750684938832,-0.6794701088015529
R0_vs_R1,d2_beef_uncontrolled,regression,mae,R0,R1,1,2,16,1.0201452698543738,1.010120046681021,0.01002522317335286
R0_vs_R1,d2_beef_uncontrolled,regression,mae,R0,R1,1,3,16,0.364439652044791,0.399537646362005,-0.035097994317214
R0_vs_R1,d2_beef_uncontrolled,regression,mae,R0,R1,1,4,16,0.3796473953914837,0.3672832967173177,0.01236409867416599
R0_vs_R1,d2_beef_uncontrolled,regression,mae,R0,R1,2,0,16,0.1637533231793897,0.1548639866116782,0.008889336567711514
R0_vs_R1,d2_beef_uncontrolled,regression,mae,R0,R1,2,1,16,1.7631271468881529,2.5559802074064044,-0.7928530605182516
R0_vs_R1,d2_beef_uncontrolled,regression,mae,R0,R1,2,2,16,0.2409208986443916,0.2364270696381827,0.004493829006208899
R0_vs_R1,d2_beef_uncontrolled,regression,mae,R0,R1,2,3,16,4.716146952776562,4.9047418566604355,-0.18859490388387368
R0_vs_R1,d2_beef_uncontrolled,regression,mae,R0,R1,2,4,16,0.7328961521546055,0.6942269526357063,0.03866919951889913
R0_vs_R1,d2_beef_uncontrolled,regression,mae,R0,R1,3,0,16,8.49518094073116,9.298971365456552,-0.803790424725392
R0_vs_R1,d2_beef_uncontrolled,regression,mae,R0,R1,3,1,16,0.2499614447237848,0.2388647859919139,0.011096658731870879
R0_vs_R1,d2_beef_uncontrolled,regression,mae,R0,R1,3,2,16,1.5403604026796758,1.4350103427763805,0.10535005990329527
R0_vs_R1,d2_beef_uncontrolled,regression,mae,R0,R1,3,3,16,0.2082870642156475,0.2095899021309535,-0.0013028379153059988
R0_vs_R1,d2_beef_uncontrolled,regression,mae,R0,R1,3,4,16,1.5254435365083434,1.157079189460623,0.3683643470477205
R0_vs_R1,d2_beef_uncontrolled,regression,mae,R0,R1,4,0,16,0.2272066073892299,0.2873335973994038,-0.06012699001017388
R0_vs_R1,d2_beef_uncontrolled,regression,mae,R0,R1,4,1,16,1.107016265970839,3.676853052987029,-2.56983678701619
R0_vs_R1,d2_beef_uncontrolled,regression,mae,R0,R1,4,2,16,12.454610751601797,10.779372340694268,1.6752384109075287
R0_vs_R1,d2_beef_uncontrolled,regression,mae,R0,R1,4,3,16,1.0727693080179606,1.000056463647176,0.07271284437078451
R0_vs_R1,d2_beef_uncontrolled,regression,mae,R0,R1,4,4,16,0.4556760310379744,0.5373494566857788,-0.08167342564780444
R0_vs_R1,d2_beef_uncontrolled,regression,mae,R0,R1,5,0,16,1.667623545906976,2.3571952869198483,-0.6895717410128723
R0_vs_R1,d2_beef_uncontrolled,regression,mae,R0,R1,5,1,16,0.3336082042185401,0.3356710869661477,-0.0020628827476076306
R0_vs_R1,d2_beef_uncontrolled,regression,mae,R0,R1,5,2,16,0.8662594046989963,0.7674948035805429,0.09876460111845342
R0_vs_R1,d2_beef_uncontrolled,regression,mae,R0,R1,5,3,16,0.2957248144642236,0.3331027203148998,-0.037377905850676185
R0_vs_R1,d2_beef_uncontrolled,regression,mae,R0,R1,5,4,16,5.620240192896387,5.867272174070272,-0.24703198117388503
R0_vs_R1,d2_beef_uncontrolled,regression,mae,R0,R1,6,0,16,0.2072906361094553,0.1981697631329745,0.009120872976480815
R0_vs_R1,d2_beef_uncontrolled,regression,mae,R0,R1,6,1,16,6.792254542667289,8.024506462305343,-1.2322519196380544
R0_vs_R1,d2_beef_uncontrolled,regression,mae,R0,R1,6,2,16,5.02926002525243,5.876579089499286,-0.8473190642468555
R0_vs_R1,d2_beef_uncontrolled,regression,mae,R0,R1,6,3,16,0.3805234364703854,0.3691461928448744,0.011377243625511013
R0_vs_R1,d2_beef_uncontrolled,regression,mae,R0,R1,6,4,16,0.6155147761999563,0.6067069682289578,0.00880780797099856
R0_vs_R1,d2_beef_uncontrolled,regression,mae,R0,R1,7,0,16,0.3311896390749053,0.3381369869139503,-0.006947347839044993
R0_vs_R1,d2_beef_uncontrolled,regression,mae,R0,R1,7,1,16,5.1160585199719675,6.149523459095456,-1.0334649391234887
R0_vs_R1,d2_beef_uncontrolled,regression,mae,R0,R1,7,2,16,3.270965089665964,2.567575417731799,0.7033896719341648
R0_vs_R1,d2_beef_uncontrolled,regression,mae,R0,R1,7,3,16,1.0634304056772963,1.0958754773377215,-0.032445071660425207
R0_vs_R1,d2_beef_uncontrolled,regression,mae,R0,R1,7,4,16,0.3795927194295362,0.3918456472572832,-0.012252927827747007
R0_vs_R1,d2_beef_uncontrolled,regression,mae,R0,R1,8,0,16,0.2951350163438545,0.288264537978286,0.006870478365568478
R0_vs_R1,d2_beef_uncontrolled,regression,mae,R0,R1,8,1,16,3.791587335530544,4.587997410761761,-0.7964100752312171
R0_vs_R1,d2_beef_uncontrolled,regression,mae,R0,R1,8,2,16,0.7427099856501742,0.6972628049788274,0.04544718067134679
R0_vs_R1,d2_beef_uncontrolled,regression,mae,R0,R1,8,3,16,0.2475150275117336,0.2502658445373293,-0.0027508170255957087
R0_vs_R1,d2_beef_uncontrolled,regression,mae,R0,R1,8,4,16,1.3620310173952797,1.4519999471137006,-0.08996892971842096
R0_vs_R1,d2_beef_uncontrolled,regression,mae,R0,R1,9,0,16,3.70047019117048,4.436650678045509,-0.7361804868750288
R0_vs_R1,d2_beef_uncontrolled,regression,mae,R0,R1,9,1,16,0.2748524806139655,0.2512714349113419,0.023581045702623593
R0_vs_R1,d2_beef_uncontrolled,regression,mae,R0,R1,9,2,16,3.9144285595580017,3.5421557906924765,0.3722727688655252
R0_vs_R1,d2_beef_uncontrolled,regression,mae,R0,R1,9,3,16,0.200982666171508,0.199108883262347,0.0018737829091610148
R0_vs_R1,d2_beef_uncontrolled,regression,mae,R0,R1,9,4,16,0.4950472278237252,0.4682733803350356,0.02677384748868955
