legacy_fingerprint,dataset,model,task,seed,fold_id,window_length,reservoir_size,normalization,input_mapping,topology_variant,rewire_seed,v1_5_identity_id,n_ok_records_on_this_substrate,n_scored_on_this_substrate,n_config_hashes_on_this_substrate,config_hashes,experiments,n_substrates_sharing_this_fingerprint,classification
0012c537bfc44231,d2_beef_uncontrolled,R1,classification,0,2,16,1000,,,R1_weight_shuffled,,4fa335dac8c085fc,1,1,1,aeaa183639c5,e9_size_d2_n1000,5,single_scored_evaluation
0012c537bfc44231,d2_beef_uncontrolled,R1,classification,0,2,16,2000,,,R1_weight_shuffled,,e487a4c5f9855588,1,1,1,45dea923f5eb,e9_size_d2_n2000,5,single_scored_evaluation
0012c537bfc44231,d2_beef_uncontrolled,R1,classification,0,2,16,250,,,R1_weight_shuffled,,ce940fac4ead8430,2,2,2,2b681f4040fc|e2dbcef1dad6,e9_size_d2|e9_size_d2_n250,5,true_repeat_different_config
0012c537bfc44231,d2_beef_uncontrolled,R1,classification,0,2,16,4000,,,R1_weight_shuffled,,db22e814387ea996,1,1,1,e2526bc8a3c8,e9_size_d2_n4000,5,single_scored_evaluation
0012c537bfc44231,d2_beef_uncontrolled,R1,classification,0,2,16,500,,,R1_weight_shuffled,,956e82f91b1276ee,1,1,1,5ef9f26a4c53,e9_size_d2_n500,5,single_scored_evaluation
071df0094d414bd8,d2_beef_uncontrolled,R2,classification,0,1,16,1000,,,R2_degree_rewired,,bf0e456ca9d5ace8,1,1,1,aeaa183639c5,e9_size_d2_n1000,5,single_scored_evaluation
071df0094d414bd8,d2_beef_uncontrolled,R2,classification,0,1,16,2000,,,R2_degree_rewired,,349f65cbf79b6a7a,1,1,1,45dea923f5eb,e9_size_d2_n2000,5,single_scored_evaluation
071df0094d414bd8,d2_beef_uncontrolled,R2,classification,0,1,16,250,,,R2_degree_rewired,,d07ff84a9f83c7bc,2,2,2,2b681f4040fc|e2dbcef1dad6,e9_size_d2|e9_size_d2_n250,5,true_repeat_different_config
071df0094d414bd8,d2_beef_uncontrolled,R2,classification,0,1,16,4000,,,R2_degree_rewired,,96d7cfc8cd13746b,1,1,1,e2526bc8a3c8,e9_size_d2_n4000,5,single_scored_evaluation
071df0094d414bd8,d2_beef_uncontrolled,R2,classification,0,1,16,500,,,R2_degree_rewired,,baeafce75998f50d,1,1,1,5ef9f26a4c53,e9_size_d2_n500,5,single_scored_evaluation
097d44bf87f777ec,d2_beef_uncontrolled,R1,regression,0,4,16,1000,,,R1_weight_shuffled,,1047ead46cf471ed,1,1,1,aeaa183639c5,e9_size_d2_n1000,5,single_scored_evaluation
097d44bf87f777ec,d2_beef_uncontrolled,R1,regression,0,4,16,2000,,,R1_weight_shuffled,,9c256a4c37921c65,1,1,1,45dea923f5eb,e9_size_d2_n2000,5,single_scored_evaluation
097d44bf87f777ec,d2_beef_uncontrolled,R1,regression,0,4,16,250,,,R1_weight_shuffled,,450684df2b40ce42,2,2,2,2b681f4040fc|e2dbcef1dad6,e9_size_d2|e9_size_d2_n250,5,true_repeat_different_config
097d44bf87f777ec,d2_beef_uncontrolled,R1,regression,0,4,16,4000,,,R1_weight_shuffled,,f454b56dc1d0f19a,1,1,1,e2526bc8a3c8,e9_size_d2_n4000,5,single_scored_evaluation
097d44bf87f777ec,d2_beef_uncontrolled,R1,regression,0,4,16,500,,,R1_weight_shuffled,,b15a3a782b126dd0,1,1,1,5ef9f26a4c53,e9_size_d2_n500,5,single_scored_evaluation
0af9b1b82119ed64,d2_beef_uncontrolled,R3,classification,0,2,16,1000,,,R3_random_sparse,,6ccc0884b3fadad2,1,1,1,aeaa183639c5,e9_size_d2_n1000,5,single_scored_evaluation
0af9b1b82119ed64,d2_beef_uncontrolled,R3,classification,0,2,16,2000,,,R3_random_sparse,,042a463a60f4e5ef,1,1,1,45dea923f5eb,e9_size_d2_n2000,5,single_scored_evaluation
0af9b1b82119ed64,d2_beef_uncontrolled,R3,classification,0,2,16,250,,,R3_random_sparse,,78471caed251c07c,2,2,2,2b681f4040fc|e2dbcef1dad6,e9_size_d2|e9_size_d2_n250,5,true_repeat_different_config
0af9b1b82119ed64,d2_beef_uncontrolled,R3,classification,0,2,16,4000,,,R3_random_sparse,,b542dfdd91d3020b,1,1,1,e2526bc8a3c8,e9_size_d2_n4000,5,single_scored_evaluation
0af9b1b82119ed64,d2_beef_uncontrolled,R3,classification,0,2,16,500,,,R3_random_sparse,,d0eb869b9213c449,1,1,1,5ef9f26a4c53,e9_size_d2_n500,5,single_scored_evaluation
0c0ae5b7443fe870,d2_beef_uncontrolled,R6,classification,0,0,16,1000,,,R6_dense_random,,0d44149e28dd88a4,1,1,1,aeaa183639c5,e9_size_d2_n1000,5,single_scored_evaluation
0c0ae5b7443fe870,d2_beef_uncontrolled,R6,classification,0,0,16,2000,,,R6_dense_random,,f9da8ae63528fec9,1,1,1,45dea923f5eb,e9_size_d2_n2000,5,single_scored_evaluation
0c0ae5b7443fe870,d2_beef_uncontrolled,R6,classification,0,0,16,250,,,R6_dense_random,,f532b997f861fbeb,2,2,2,2b681f4040fc|e2dbcef1dad6,e9_size_d2|e9_size_d2_n250,5,true_repeat_different_config
0c0ae5b7443fe870,d2_beef_uncontrolled,R6,classification,0,0,16,4000,,,R6_dense_random,,fd11b979393401ab,1,1,1,e2526bc8a3c8,e9_size_d2_n4000,5,single_scored_evaluation
0c0ae5b7443fe870,d2_beef_uncontrolled,R6,classification,0,0,16,500,,,R6_dense_random,,0c7dae2e303a68c0,1,1,1,5ef9f26a4c53,e9_size_d2_n500,5,single_scored_evaluation
19abfd52932e166e,d2_beef_uncontrolled,R2,classification,0,3,16,1000,,,R2_degree_rewired,,1fff688236c63f74,1,1,1,aeaa183639c5,e9_size_d2_n1000,5,single_scored_evaluation
19abfd52932e166e,d2_beef_uncontrolled,R2,classification,0,3,16,2000,,,R2_degree_rewired,,7d3a742fd13b0806,1,1,1,45dea923f5eb,e9_size_d2_n2000,5,single_scored_evaluation
19abfd52932e166e,d2_beef_uncontrolled,R2,classification,0,3,16,250,,,R2_degree_rewired,,6382b7b45d8495e1,2,2,2,2b681f4040fc|e2dbcef1dad6,e9_size_d2|e9_size_d2_n250,5,true_repeat_different_config
19abfd52932e166e,d2_beef_uncontrolled,R2,classification,0,3,16,4000,,,R2_degree_rewired,,b1f10da3fe2ab0c1,1,1,1,e2526bc8a3c8,e9_size_d2_n4000,5,single_scored_evaluation
19abfd52932e166e,d2_beef_uncontrolled,R2,classification,0,3,16,500,,,R2_degree_rewired,,3cfd22bee1d83a9f,1,1,1,5ef9f26a4c53,e9_size_d2_n500,5,single_scored_evaluation
1c7dc51c66e97970,d2_beef_uncontrolled,R4,regression,0,0,16,1000,,,R4_er_esn,,052dff05f1579682,1,1,1,aeaa183639c5,e9_size_d2_n1000,5,single_scored_evaluation
1c7dc51c66e97970,d2_beef_uncontrolled,R4,regression,0,0,16,2000,,,R4_er_esn,,5966069ec848a579,1,1,1,45dea923f5eb,e9_size_d2_n2000,5,single_scored_evaluation
1c7dc51c66e97970,d2_beef_uncontrolled,R4,regression,0,0,16,250,,,R4_er_esn,,24a2f323a2076690,2,2,2,2b681f4040fc|e2dbcef1dad6,e9_size_d2|e9_size_d2_n250,5,true_repeat_different_config
1c7dc51c66e97970,d2_beef_uncontrolled,R4,regression,0,0,16,4000,,,R4_er_esn,,9345babc43c2f841,1,1,1,e2526bc8a3c8,e9_size_d2_n4000,5,single_scored_evaluation
1c7dc51c66e97970,d2_beef_uncontrolled,R4,regression,0,0,16,500,,,R4_er_esn,,f4589af0474ecab2,1,1,1,5ef9f26a4c53,e9_size_d2_n500,5,single_scored_evaluation
1c8551094286f303,d2_beef_uncontrolled,R2,classification,0,4,16,1000,,,R2_degree_rewired,,0ed3e59db28b1595,1,1,1,aeaa183639c5,e9_size_d2_n1000,5,single_scored_evaluation
1c8551094286f303,d2_beef_uncontrolled,R2,classification,0,4,16,2000,,,R2_degree_rewired,,720e71fa4aa64c7e,1,1,1,45dea923f5eb,e9_size_d2_n2000,5,single_scored_evaluation
1c8551094286f303,d2_beef_uncontrolled,R2,classification,0,4,16,250,,,R2_degree_rewired,,6a3afe513b16f6ac,2,2,2,2b681f4040fc|e2dbcef1dad6,e9_size_d2|e9_size_d2_n250,5,true_repeat_different_config
1c8551094286f303,d2_beef_uncontrolled,R2,classification,0,4,16,4000,,,R2_degree_rewired,,3fddc4d980c1d8dd,1,1,1,e2526bc8a3c8,e9_size_d2_n4000,5,single_scored_evaluation
1c8551094286f303,d2_beef_uncontrolled,R2,classification,0,4,16,500,,,R2_degree_rewired,,8aa3de05b947ac11,1,1,1,5ef9f26a4c53,e9_size_d2_n500,5,single_scored_evaluation
1d1cb7a9275111cb,d2_beef_uncontrolled,R0,classification,0,4,16,1000,n1_pre_l1,,R0_real_fly,,882a77c2d4c75573,1,1,1,aeaa183639c5,e9_size_d2_n1000,5,single_scored_evaluation
1d1cb7a9275111cb,d2_beef_uncontrolled,R0,classification,0,4,16,2000,n1_pre_l1,,R0_real_fly,,d8700f4205a6a1cb,1,1,1,45dea923f5eb,e9_size_d2_n2000,5,single_scored_evaluation
1d1cb7a9275111cb,d2_beef_uncontrolled,R0,classification,0,4,16,250,n1_pre_l1,,R0_real_fly,,d593f68448e39a6c,2,2,2,2b681f4040fc|e2dbcef1dad6,e9_size_d2|e9_size_d2_n250,5,true_repeat_different_config
1d1cb7a9275111cb,d2_beef_uncontrolled,R0,classification,0,4,16,4000,n1_pre_l1,,R0_real_fly,,6d75a0560a5eec8f,1,1,1,e2526bc8a3c8,e9_size_d2_n4000,5,single_scored_evaluation
1d1cb7a9275111cb,d2_beef_uncontrolled,R0,classification,0,4,16,500,n1_pre_l1,,R0_real_fly,,cb29ed50cd4a450e,1,1,1,5ef9f26a4c53,e9_size_d2_n500,5,single_scored_evaluation
259715482670d881,d2_beef_uncontrolled,R5,classification,0,4,16,1000,,,R5_small_world,,e8b2e467d16e9cba,1,1,1,aeaa183639c5,e9_size_d2_n1000,5,single_scored_evaluation
259715482670d881,d2_beef_uncontrolled,R5,classification,0,4,16,2000,,,R5_small_world,,d71d245f6f0f9b51,1,1,1,45dea923f5eb,e9_size_d2_n2000,5,single_scored_evaluation
259715482670d881,d2_beef_uncontrolled,R5,classification,0,4,16,250,,,R5_small_world,,5a4ff0c7ed72ae28,2,2,2,2b681f4040fc|e2dbcef1dad6,e9_size_d2|e9_size_d2_n250,5,true_repeat_different_config
259715482670d881,d2_beef_uncontrolled,R5,classification,0,4,16,4000,,,R5_small_world,,02e87464a837d0e8,1,1,1,e2526bc8a3c8,e9_size_d2_n4000,5,single_scored_evaluation
259715482670d881,d2_beef_uncontrolled,R5,classification,0,4,16,500,,,R5_small_world,,3ef4a66bb0dea778,1,1,1,5ef9f26a4c53,e9_size_d2_n500,5,single_scored_evaluation
2a9ff4bc0276fc2b,d2_beef_uncontrolled,R1,regression,0,0,16,1000,,,R1_weight_shuffled,,67113dd0e722eedd,1,1,1,aeaa183639c5,e9_size_d2_n1000,5,single_scored_evaluation
2a9ff4bc0276fc2b,d2_beef_uncontrolled,R1,regression,0,0,16,2000,,,R1_weight_shuffled,,f5bef66ae3e43e4b,1,1,1,45dea923f5eb,e9_size_d2_n2000,5,single_scored_evaluation
2a9ff4bc0276fc2b,d2_beef_uncontrolled,R1,regression,0,0,16,250,,,R1_weight_shuffled,,c08c7aea4a27c493,2,2,2,2b681f4040fc|e2dbcef1dad6,e9_size_d2|e9_size_d2_n250,5,true_repeat_different_config
2a9ff4bc0276fc2b,d2_beef_uncontrolled,R1,regression,0,0,16,4000,,,R1_weight_shuffled,,7d8c15bb26e1081e,1,1,1,e2526bc8a3c8,e9_size_d2_n4000,5,single_scored_evaluation
2a9ff4bc0276fc2b,d2_beef_uncontrolled,R1,regression,0,0,16,500,,,R1_weight_shuffled,,6264d0c609fc12d3,1,1,1,5ef9f26a4c53,e9_size_d2_n500,5,single_scored_evaluation
3340acac07933d83,d2_beef_uncontrolled,R5,classification,0,1,16,1000,,,R5_small_world,,2ed69ac3456b9b3e,1,1,1,aeaa183639c5,e9_size_d2_n1000,5,single_scored_evaluation
3340acac07933d83,d2_beef_uncontrolled,R5,classification,0,1,16,2000,,,R5_small_world,,cc29e21da5f6f9d8,1,1,1,45dea923f5eb,e9_size_d2_n2000,5,single_scored_evaluation
3340acac07933d83,d2_beef_uncontrolled,R5,classification,0,1,16,250,,,R5_small_world,,0bfcd40ae07d3911,2,2,2,2b681f4040fc|e2dbcef1dad6,e9_size_d2|e9_size_d2_n250,5,true_repeat_different_config
3340acac07933d83,d2_beef_uncontrolled,R5,classification,0,1,16,4000,,,R5_small_world,,76cc3c0825c53355,1,1,1,e2526bc8a3c8,e9_size_d2_n4000,5,single_scored_evaluation
3340acac07933d83,d2_beef_uncontrolled,R5,classification,0,1,16,500,,,R5_small_world,,f03cc8e0228cc51f,1,1,1,5ef9f26a4c53,e9_size_d2_n500,5,single_scored_evaluation
39c828f5cc31a9f7,d2_beef_uncontrolled,R3,classification,0,3,16,1000,,,R3_random_sparse,,a8ca4549e4fdaada,1,1,1,aeaa183639c5,e9_size_d2_n1000,5,single_scored_evaluation
39c828f5cc31a9f7,d2_beef_uncontrolled,R3,classification,0,3,16,2000,,,R3_random_sparse,,bc127c92f9cace44,1,1,1,45dea923f5eb,e9_size_d2_n2000,5,single_scored_evaluation
39c828f5cc31a9f7,d2_beef_uncontrolled,R3,classification,0,3,16,250,,,R3_random_sparse,,ef23b006e089cd07,2,2,2,2b681f4040fc|e2dbcef1dad6,e9_size_d2|e9_size_d2_n250,5,true_repeat_different_config
39c828f5cc31a9f7,d2_beef_uncontrolled,R3,classification,0,3,16,4000,,,R3_random_sparse,,5195fdc23a7c5c57,1,1,1,e2526bc8a3c8,e9_size_d2_n4000,5,single_scored_evaluation
39c828f5cc31a9f7,d2_beef_uncontrolled,R3,classification,0,3,16,500,,,R3_random_sparse,,fe9e66fb641c0c52,1,1,1,5ef9f26a4c53,e9_size_d2_n500,5,single_scored_evaluation
45c87a4ad9a71818,d2_beef_uncontrolled,R1,classification,0,0,16,1000,,,R1_weight_shuffled,,044dfa35e73c4e31,1,1,1,aeaa183639c5,e9_size_d2_n1000,5,single_scored_evaluation
45c87a4ad9a71818,d2_beef_uncontrolled,R1,classification,0,0,16,2000,,,R1_weight_shuffled,,397e3afd5d746181,1,1,1,45dea923f5eb,e9_size_d2_n2000,5,single_scored_evaluation
45c87a4ad9a71818,d2_beef_uncontrolled,R1,classification,0,0,16,250,,,R1_weight_shuffled,,fd56b7b07bf20946,2,2,2,2b681f4040fc|e2dbcef1dad6,e9_size_d2|e9_size_d2_n250,5,true_repeat_different_config
45c87a4ad9a71818,d2_beef_uncontrolled,R1,classification,0,0,16,4000,,,R1_weight_shuffled,,4c433d13a9b045bb,1,1,1,e2526bc8a3c8,e9_size_d2_n4000,5,single_scored_evaluation
45c87a4ad9a71818,d2_beef_uncontrolled,R1,classification,0,0,16,500,,,R1_weight_shuffled,,3150d41d37661830,1,1,1,5ef9f26a4c53,e9_size_d2_n500,5,single_scored_evaluation
4ab8b44746c45615,d2_beef_uncontrolled,R6,classification,0,2,16,1000,,,R6_dense_random,,70ade63333ae04be,1,1,1,aeaa183639c5,e9_size_d2_n1000,5,single_scored_evaluation
4ab8b44746c45615,d2_beef_uncontrolled,R6,classification,0,2,16,2000,,,R6_dense_random,,236bacc0d42b616e,1,1,1,45dea923f5eb,e9_size_d2_n2000,5,single_scored_evaluation
4ab8b44746c45615,d2_beef_uncontrolled,R6,classification,0,2,16,250,,,R6_dense_random,,7d333c3c462abd37,2,2,2,2b681f4040fc|e2dbcef1dad6,e9_size_d2|e9_size_d2_n250,5,true_repeat_different_config
4ab8b44746c45615,d2_beef_uncontrolled,R6,classification,0,2,16,4000,,,R6_dense_random,,1776fa9574be45b8,1,1,1,e2526bc8a3c8,e9_size_d2_n4000,5,single_scored_evaluation
4ab8b44746c45615,d2_beef_uncontrolled,R6,classification,0,2,16,500,,,R6_dense_random,,dc035b02ace7016b,1,1,1,5ef9f26a4c53,e9_size_d2_n500,5,single_scored_evaluation
4c425fc094f772a0,d2_beef_uncontrolled,R0,classification,0,2,16,1000,n1_pre_l1,,R0_real_fly,,5b63c374005aff0f,1,1,1,aeaa183639c5,e9_size_d2_n1000,5,single_scored_evaluation
4c425fc094f772a0,d2_beef_uncontrolled,R0,classification,0,2,16,2000,n1_pre_l1,,R0_real_fly,,dac506ccca0fcf87,1,1,1,45dea923f5eb,e9_size_d2_n2000,5,single_scored_evaluation
4c425fc094f772a0,d2_beef_uncontrolled,R0,classification,0,2,16,250,n1_pre_l1,,R0_real_fly,,699019801bf4df2b,2,2,2,2b681f4040fc|e2dbcef1dad6,e9_size_d2|e9_size_d2_n250,5,true_repeat_different_config
4c425fc094f772a0,d2_beef_uncontrolled,R0,classification,0,2,16,4000,n1_pre_l1,,R0_real_fly,,6207fa3ab9905c4f,1,1,1,e2526bc8a3c8,e9_size_d2_n4000,5,single_scored_evaluation
4c425fc094f772a0,d2_beef_uncontrolled,R0,classification,0,2,16,500,n1_pre_l1,,R0_real_fly,,c9915175516d371e,1,1,1,5ef9f26a4c53,e9_size_d2_n500,5,single_scored_evaluation
54c73a04dd5a590f,d2_beef_uncontrolled,R0,regression,0,0,16,1000,n1_pre_l1,,R0_real_fly,,ad87781c0cf64fab,1,1,1,aeaa183639c5,e9_size_d2_n1000,5,single_scored_evaluation
54c73a04dd5a590f,d2_beef_uncontrolled,R0,regression,0,0,16,2000,n1_pre_l1,,R0_real_fly,,46eecabdf2d0f405,1,1,1,45dea923f5eb,e9_size_d2_n2000,5,single_scored_evaluation
54c73a04dd5a590f,d2_beef_uncontrolled,R0,regression,0,0,16,250,n1_pre_l1,,R0_real_fly,,edadd7811cd296df,2,2,2,2b681f4040fc|e2dbcef1dad6,e9_size_d2|e9_size_d2_n250,5,true_repeat_different_config
54c73a04dd5a590f,d2_beef_uncontrolled,R0,regression,0,0,16,4000,n1_pre_l1,,R0_real_fly,,58df7080d1fd2cb8,1,1,1,e2526bc8a3c8,e9_size_d2_n4000,5,single_scored_evaluation
54c73a04dd5a590f,d2_beef_uncontrolled,R0,regression,0,0,16,500,n1_pre_l1,,R0_real_fly,,1653203010ac6dc6,1,1,1,5ef9f26a4c53,e9_size_d2_n500,5,single_scored_evaluation
5761d003c47321d8,d2_beef_uncontrolled,R4,regression,0,1,16,1000,,,R4_er_esn,,f1af3393e5f11605,1,1,1,aeaa183639c5,e9_size_d2_n1000,5,single_scored_evaluation
5761d003c47321d8,d2_beef_uncontrolled,R4,regression,0,1,16,2000,,,R4_er_esn,,a5a7e2335365d68b,1,1,1,45dea923f5eb,e9_size_d2_n2000,5,single_scored_evaluation
5761d003c47321d8,d2_beef_uncontrolled,R4,regression,0,1,16,250,,,R4_er_esn,,663c2a224adfd2ce,2,2,2,2b681f4040fc|e2dbcef1dad6,e9_size_d2|e9_size_d2_n250,5,true_repeat_different_config
5761d003c47321d8,d2_beef_uncontrolled,R4,regression,0,1,16,4000,,,R4_er_esn,,c29ed2218b919c54,1,1,1,e2526bc8a3c8,e9_size_d2_n4000,5,single_scored_evaluation
5761d003c47321d8,d2_beef_uncontrolled,R4,regression,0,1,16,500,,,R4_er_esn,,d641b93d1af20ff2,1,1,1,5ef9f26a4c53,e9_size_d2_n500,5,single_scored_evaluation
5ba0d94a9b099471,d2_beef_uncontrolled,R5,regression,0,3,16,1000,,,R5_small_world,,b1e2f5ea95d75303,1,1,1,aeaa183639c5,e9_size_d2_n1000,5,single_scored_evaluation
5ba0d94a9b099471,d2_beef_uncontrolled,R5,regression,0,3,16,2000,,,R5_small_world,,01171217af07709d,1,1,1,45dea923f5eb,e9_size_d2_n2000,5,single_scored_evaluation
5ba0d94a9b099471,d2_beef_uncontrolled,R5,regression,0,3,16,250,,,R5_small_world,,0a4dce64c3bced00,2,2,2,2b681f4040fc|e2dbcef1dad6,e9_size_d2|e9_size_d2_n250,5,true_repeat_different_config
5ba0d94a9b099471,d2_beef_uncontrolled,R5,regression,0,3,16,4000,,,R5_small_world,,647172b9a232ba66,1,1,1,e2526bc8a3c8,e9_size_d2_n4000,5,single_scored_evaluation
5ba0d94a9b099471,d2_beef_uncontrolled,R5,regression,0,3,16,500,,,R5_small_world,,29376871cb2234ca,1,1,1,5ef9f26a4c53,e9_size_d2_n500,5,single_scored_evaluation
5c46e09b207c8bb6,d2_beef_uncontrolled,R6,regression,0,0,16,1000,,,R6_dense_random,,a3afc278efd73929,1,1,1,aeaa183639c5,e9_size_d2_n1000,5,single_scored_evaluation
5c46e09b207c8bb6,d2_beef_uncontrolled,R6,regression,0,0,16,2000,,,R6_dense_random,,b23b4aef8a9b8299,1,1,1,45dea923f5eb,e9_size_d2_n2000,5,single_scored_evaluation
5c46e09b207c8bb6,d2_beef_uncontrolled,R6,regression,0,0,16,250,,,R6_dense_random,,467bb4556699eb8f,2,2,2,2b681f4040fc|e2dbcef1dad6,e9_size_d2|e9_size_d2_n250,5,true_repeat_different_config
5c46e09b207c8bb6,d2_beef_uncontrolled,R6,regression,0,0,16,4000,,,R6_dense_random,,56fc2b7271a01e9f,1,1,1,e2526bc8a3c8,e9_size_d2_n4000,5,single_scored_evaluation
5c46e09b207c8bb6,d2_beef_uncontrolled,R6,regression,0,0,16,500,,,R6_dense_random,,bc312fe5ea780d1d,1,1,1,5ef9f26a4c53,e9_size_d2_n500,5,single_scored_evaluation
5c4bfe30d0640e38,d2_beef_uncontrolled,R5,regression,0,0,16,1000,,,R5_small_world,,91de7b36ad14f5f5,1,1,1,aeaa183639c5,e9_size_d2_n1000,5,single_scored_evaluation
5c4bfe30d0640e38,d2_beef_uncontrolled,R5,regression,0,0,16,2000,,,R5_small_world,,3784e94feb80d896,1,1,1,45dea923f5eb,e9_size_d2_n2000,5,single_scored_evaluation
5c4bfe30d0640e38,d2_beef_uncontrolled,R5,regression,0,0,16,250,,,R5_small_world,,07e38c6e890617f6,2,2,2,2b681f4040fc|e2dbcef1dad6,e9_size_d2|e9_size_d2_n250,5,true_repeat_different_config
5c4bfe30d0640e38,d2_beef_uncontrolled,R5,regression,0,0,16,4000,,,R5_small_world,,ad0bd239740f8ec5,1,1,1,e2526bc8a3c8,e9_size_d2_n4000,5,single_scored_evaluation
5c4bfe30d0640e38,d2_beef_uncontrolled,R5,regression,0,0,16,500,,,R5_small_world,,4dd8cdb5728d17cd,1,1,1,5ef9f26a4c53,e9_size_d2_n500,5,single_scored_evaluation
5faddcd1dd636ea8,d2_beef_uncontrolled,R5,classification,0,3,16,1000,,,R5_small_world,,4d4cd9daea488df5,1,1,1,aeaa183639c5,e9_size_d2_n1000,5,single_scored_evaluation
5faddcd1dd636ea8,d2_beef_uncontrolled,R5,classification,0,3,16,2000,,,R5_small_world,,7e3d34dcf7064e5a,1,1,1,45dea923f5eb,e9_size_d2_n2000,5,single_scored_evaluation
5faddcd1dd636ea8,d2_beef_uncontrolled,R5,classification,0,3,16,250,,,R5_small_world,,19dce9803de35f20,2,2,2,2b681f4040fc|e2dbcef1dad6,e9_size_d2|e9_size_d2_n250,5,true_repeat_different_config
5faddcd1dd636ea8,d2_beef_uncontrolled,R5,classification,0,3,16,4000,,,R5_small_world,,06cd145331eaf279,1,1,1,e2526bc8a3c8,e9_size_d2_n4000,5,single_scored_evaluation
5faddcd1dd636ea8,d2_beef_uncontrolled,R5,classification,0,3,16,500,,,R5_small_world,,16907ef83785acbd,1,1,1,5ef9f26a4c53,e9_size_d2_n500,5,single_scored_evaluation
6ebb4ec62fad6f95,d2_beef_uncontrolled,R6,regression,0,4,16,1000,,,R6_dense_random,,289f3e6fb8f7ad41,1,1,1,aeaa183639c5,e9_size_d2_n1000,5,single_scored_evaluation
6ebb4ec62fad6f95,d2_beef_uncontrolled,R6,regression,0,4,16,2000,,,R6_dense_random,,a82724b678e28eca,1,1,1,45dea923f5eb,e9_size_d2_n2000,5,single_scored_evaluation
6ebb4ec62fad6f95,d2_beef_uncontrolled,R6,regression,0,4,16,250,,,R6_dense_random,,7dda2b50dd34b484,2,2,2,2b681f4040fc|e2dbcef1dad6,e9_size_d2|e9_size_d2_n250,5,true_repeat_different_config
6ebb4ec62fad6f95,d2_beef_uncontrolled,R6,regression,0,4,16,4000,,,R6_dense_random,,0bd56807ce2baeb2,1,1,1,e2526bc8a3c8,e9_size_d2_n4000,5,single_scored_evaluation
6ebb4ec62fad6f95,d2_beef_uncontrolled,R6,regression,0,4,16,500,,,R6_dense_random,,4139ce079fa6f4d5,1,1,1,5ef9f26a4c53,e9_size_d2_n500,5,single_scored_evaluation
73f2790f1cc6ebbc,d2_beef_uncontrolled,R4,regression,0,3,16,1000,,,R4_er_esn,,a823e36ad68cdb49,1,1,1,aeaa183639c5,e9_size_d2_n1000,5,single_scored_evaluation
73f2790f1cc6ebbc,d2_beef_uncontrolled,R4,regression,0,3,16,2000,,,R4_er_esn,,7e3d451a54e1e2f8,1,1,1,45dea923f5eb,e9_size_d2_n2000,5,single_scored_evaluation
73f2790f1cc6ebbc,d2_beef_uncontrolled,R4,regression,0,3,16,250,,,R4_er_esn,,3314388c91ab663b,2,2,2,2b681f4040fc|e2dbcef1dad6,e9_size_d2|e9_size_d2_n250,5,true_repeat_different_config
73f2790f1cc6ebbc,d2_beef_uncontrolled,R4,regression,0,3,16,4000,,,R4_er_esn,,9a7ca2d52d6a34eb,1,1,1,e2526bc8a3c8,e9_size_d2_n4000,5,single_scored_evaluation
73f2790f1cc6ebbc,d2_beef_uncontrolled,R4,regression,0,3,16,500,,,R4_er_esn,,1966f77322f461b8,1,1,1,5ef9f26a4c53,e9_size_d2_n500,5,single_scored_evaluation
7578aae9f6414d68,d2_beef_uncontrolled,R6,classification,0,3,16,1000,,,R6_dense_random,,1edc34c380056e88,1,1,1,aeaa183639c5,e9_size_d2_n1000,5,single_scored_evaluation
7578aae9f6414d68,d2_beef_uncontrolled,R6,classification,0,3,16,2000,,,R6_dense_random,,32c43836c05e76f4,1,1,1,45dea923f5eb,e9_size_d2_n2000,5,single_scored_evaluation
7578aae9f6414d68,d2_beef_uncontrolled,R6,classification,0,3,16,250,,,R6_dense_random,,bfce7057bbd00670,2,2,2,2b681f4040fc|e2dbcef1dad6,e9_size_d2|e9_size_d2_n250,5,true_repeat_different_config
7578aae9f6414d68,d2_beef_uncontrolled,R6,classification,0,3,16,4000,,,R6_dense_random,,3db212ce511ca65c,1,1,1,e2526bc8a3c8,e9_size_d2_n4000,5,single_scored_evaluation
7578aae9f6414d68,d2_beef_uncontrolled,R6,classification,0,3,16,500,,,R6_dense_random,,4d69fe026b9ffda9,1,1,1,5ef9f26a4c53,e9_size_d2_n500,5,single_scored_evaluation
7b1306e2996f4a8e,d2_beef_uncontrolled,R2,regression,0,4,16,1000,,,R2_degree_rewired,,ebadc889deb306d9,1,1,1,aeaa183639c5,e9_size_d2_n1000,5,single_scored_evaluation
7b1306e2996f4a8e,d2_beef_uncontrolled,R2,regression,0,4,16,2000,,,R2_degree_rewired,,e974f07082ee4f6e,1,1,1,45dea923f5eb,e9_size_d2_n2000,5,single_scored_evaluation
7b1306e2996f4a8e,d2_beef_uncontrolled,R2,regression,0,4,16,250,,,R2_degree_rewired,,c5cae1fa6136197e,2,2,2,2b681f4040fc|e2dbcef1dad6,e9_size_d2|e9_size_d2_n250,5,true_repeat_different_config
7b1306e2996f4a8e,d2_beef_uncontrolled,R2,regression,0,4,16,4000,,,R2_degree_rewired,,daeb417f4be8be20,1,1,1,e2526bc8a3c8,e9_size_d2_n4000,5,single_scored_evaluation
7b1306e2996f4a8e,d2_beef_uncontrolled,R2,regression,0,4,16,500,,,R2_degree_rewired,,8943c011b8ebbb85,1,1,1,5ef9f26a4c53,e9_size_d2_n500,5,single_scored_evaluation
7b50fe666f9967dd,d2_beef_uncontrolled,R4,classification,0,2,16,1000,,,R4_er_esn,,edce004c756bfdc7,1,1,1,aeaa183639c5,e9_size_d2_n1000,5,single_scored_evaluation
7b50fe666f9967dd,d2_beef_uncontrolled,R4,classification,0,2,16,2000,,,R4_er_esn,,15ffe4bcffc4209d,1,1,1,45dea923f5eb,e9_size_d2_n2000,5,single_scored_evaluation
7b50fe666f9967dd,d2_beef_uncontrolled,R4,classification,0,2,16,250,,,R4_er_esn,,f2f32321bc699ab8,2,2,2,2b681f4040fc|e2dbcef1dad6,e9_size_d2|e9_size_d2_n250,5,true_repeat_different_config
7b50fe666f9967dd,d2_beef_uncontrolled,R4,classification,0,2,16,4000,,,R4_er_esn,,dca062881833a46b,1,1,1,e2526bc8a3c8,e9_size_d2_n4000,5,single_scored_evaluation
7b50fe666f9967dd,d2_beef_uncontrolled,R4,classification,0,2,16,500,,,R4_er_esn,,4427974d2c966c21,1,1,1,5ef9f26a4c53,e9_size_d2_n500,5,single_scored_evaluation
7d4203b7844a7048,d2_beef_uncontrolled,R6,classification,0,1,16,1000,,,R6_dense_random,,cefb5f561cfd8639,1,1,1,aeaa183639c5,e9_size_d2_n1000,5,single_scored_evaluation
7d4203b7844a7048,d2_beef_uncontrolled,R6,classification,0,1,16,2000,,,R6_dense_random,,f259044f8e5c7af0,1,1,1,45dea923f5eb,e9_size_d2_n2000,5,single_scored_evaluation
7d4203b7844a7048,d2_beef_uncontrolled,R6,classification,0,1,16,250,,,R6_dense_random,,a7bc15a691da0e4a,2,2,2,2b681f4040fc|e2dbcef1dad6,e9_size_d2|e9_size_d2_n250,5,true_repeat_different_config
7d4203b7844a7048,d2_beef_uncontrolled,R6,classification,0,1,16,4000,,,R6_dense_random,,104eb3cf28e565b8,1,1,1,e2526bc8a3c8,e9_size_d2_n4000,5,single_scored_evaluation
7d4203b7844a7048,d2_beef_uncontrolled,R6,classification,0,1,16,500,,,R6_dense_random,,49d45a96ee65c0f6,1,1,1,5ef9f26a4c53,e9_size_d2_n500,5,single_scored_evaluation
7dd627dfae5e18fe,d2_beef_uncontrolled,R1,regression,0,2,16,1000,,,R1_weight_shuffled,,b850a9532ca1e23e,1,1,1,aeaa183639c5,e9_size_d2_n1000,5,single_scored_evaluation
7dd627dfae5e18fe,d2_beef_uncontrolled,R1,regression,0,2,16,2000,,,R1_weight_shuffled,,71d9950aa5fbfc13,1,1,1,45dea923f5eb,e9_size_d2_n2000,5,single_scored_evaluation
7dd627dfae5e18fe,d2_beef_uncontrolled,R1,regression,0,2,16,250,,,R1_weight_shuffled,,f869de67a2c6d7e6,2,2,2,2b681f4040fc|e2dbcef1dad6,e9_size_d2|e9_size_d2_n250,5,true_repeat_different_config
7dd627dfae5e18fe,d2_beef_uncontrolled,R1,regression,0,2,16,4000,,,R1_weight_shuffled,,e28e5c21acf8e926,1,1,1,e2526bc8a3c8,e9_size_d2_n4000,5,single_scored_evaluation
7dd627dfae5e18fe,d2_beef_uncontrolled,R1,regression,0,2,16,500,,,R1_weight_shuffled,,4a089e605e637ffd,1,1,1,5ef9f26a4c53,e9_size_d2_n500,5,single_scored_evaluation
7fc849edd2cd35ec,d2_beef_uncontrolled,R3,regression,0,3,16,1000,,,R3_random_sparse,,8dc6fcf3b2247c26,1,1,1,aeaa183639c5,e9_size_d2_n1000,5,single_scored_evaluation
7fc849edd2cd35ec,d2_beef_uncontrolled,R3,regression,0,3,16,2000,,,R3_random_sparse,,ac3bf510c2ea66b2,1,1,1,45dea923f5eb,e9_size_d2_n2000,5,single_scored_evaluation
7fc849edd2cd35ec,d2_beef_uncontrolled,R3,regression,0,3,16,250,,,R3_random_sparse,,6e71bba6715deb49,2,2,2,2b681f4040fc|e2dbcef1dad6,e9_size_d2|e9_size_d2_n250,5,true_repeat_different_config
7fc849edd2cd35ec,d2_beef_uncontrolled,R3,regression,0,3,16,4000,,,R3_random_sparse,,56b5dfb8a740c695,1,1,1,e2526bc8a3c8,e9_size_d2_n4000,5,single_scored_evaluation
7fc849edd2cd35ec,d2_beef_uncontrolled,R3,regression,0,3,16,500,,,R3_random_sparse,,cca77cdd14851909,1,1,1,5ef9f26a4c53,e9_size_d2_n500,5,single_scored_evaluation
839701f260f4879d,d2_beef_uncontrolled,R1,regression,0,1,16,1000,,,R1_weight_shuffled,,6419a38ef3e6f729,1,1,1,aeaa183639c5,e9_size_d2_n1000,5,single_scored_evaluation
839701f260f4879d,d2_beef_uncontrolled,R1,regression,0,1,16,2000,,,R1_weight_shuffled,,bc43b82607da2211,1,1,1,45dea923f5eb,e9_size_d2_n2000,5,single_scored_evaluation
839701f260f4879d,d2_beef_uncontrolled,R1,regression,0,1,16,250,,,R1_weight_shuffled,,f47b0bea81427919,2,2,2,2b681f4040fc|e2dbcef1dad6,e9_size_d2|e9_size_d2_n250,5,true_repeat_different_config
839701f260f4879d,d2_beef_uncontrolled,R1,regression,0,1,16,4000,,,R1_weight_shuffled,,4a6a6e6239e9b9f8,1,1,1,e2526bc8a3c8,e9_size_d2_n4000,5,single_scored_evaluation
839701f260f4879d,d2_beef_uncontrolled,R1,regression,0,1,16,500,,,R1_weight_shuffled,,99f24fcce7fb47bc,1,1,1,5ef9f26a4c53,e9_size_d2_n500,5,single_scored_evaluation
8861a0ce125d0c15,d2_beef_uncontrolled,R2,regression,0,3,16,1000,,,R2_degree_rewired,,f6a847fda9b55bea,1,1,1,aeaa183639c5,e9_size_d2_n1000,5,single_scored_evaluation
8861a0ce125d0c15,d2_beef_uncontrolled,R2,regression,0,3,16,2000,,,R2_degree_rewired,,d45cbd8ed0358e0d,1,1,1,45dea923f5eb,e9_size_d2_n2000,5,single_scored_evaluation
8861a0ce125d0c15,d2_beef_uncontrolled,R2,regression,0,3,16,250,,,R2_degree_rewired,,2f10c6e2d17eed6b,2,2,2,2b681f4040fc|e2dbcef1dad6,e9_size_d2|e9_size_d2_n250,5,true_repeat_different_config
8861a0ce125d0c15,d2_beef_uncontrolled,R2,regression,0,3,16,4000,,,R2_degree_rewired,,8d6771ba361394e2,1,1,1,e2526bc8a3c8,e9_size_d2_n4000,5,single_scored_evaluation
8861a0ce125d0c15,d2_beef_uncontrolled,R2,regression,0,3,16,500,,,R2_degree_rewired,,67ba299e4cbd8168,1,1,1,5ef9f26a4c53,e9_size_d2_n500,5,single_scored_evaluation
8b0c8893f3c4d82e,d2_beef_uncontrolled,R1,classification,0,1,16,1000,,,R1_weight_shuffled,,d784d2f5e85984f2,1,1,1,aeaa183639c5,e9_size_d2_n1000,5,single_scored_evaluation
8b0c8893f3c4d82e,d2_beef_uncontrolled,R1,classification,0,1,16,2000,,,R1_weight_shuffled,,58b60776be3dc938,1,1,1,45dea923f5eb,e9_size_d2_n2000,5,single_scored_evaluation
8b0c8893f3c4d82e,d2_beef_uncontrolled,R1,classification,0,1,16,250,,,R1_weight_shuffled,,2507a58803c8e47b,2,2,2,2b681f4040fc|e2dbcef1dad6,e9_size_d2|e9_size_d2_n250,5,true_repeat_different_config
8b0c8893f3c4d82e,d2_beef_uncontrolled,R1,classification,0,1,16,4000,,,R1_weight_shuffled,,dc10f3b902148df1,1,1,1,e2526bc8a3c8,e9_size_d2_n4000,5,single_scored_evaluation
8b0c8893f3c4d82e,d2_beef_uncontrolled,R1,classification,0,1,16,500,,,R1_weight_shuffled,,1bae8629380b6294,1,1,1,5ef9f26a4c53,e9_size_d2_n500,5,single_scored_evaluation
8ed49ea38519ae67,d2_beef_uncontrolled,R0,regression,0,4,16,1000,n1_pre_l1,,R0_real_fly,,7dd3f44b21b309a0,1,1,1,aeaa183639c5,e9_size_d2_n1000,5,single_scored_evaluation
8ed49ea38519ae67,d2_beef_uncontrolled,R0,regression,0,4,16,2000,n1_pre_l1,,R0_real_fly,,e2307a840b798848,1,1,1,45dea923f5eb,e9_size_d2_n2000,5,single_scored_evaluation
8ed49ea38519ae67,d2_beef_uncontrolled,R0,regression,0,4,16,250,n1_pre_l1,,R0_real_fly,,497921c7b678c68b,2,2,2,2b681f4040fc|e2dbcef1dad6,e9_size_d2|e9_size_d2_n250,5,true_repeat_different_config
8ed49ea38519ae67,d2_beef_uncontrolled,R0,regression,0,4,16,4000,n1_pre_l1,,R0_real_fly,,85c48495498f9602,1,1,1,e2526bc8a3c8,e9_size_d2_n4000,5,single_scored_evaluation
8ed49ea38519ae67,d2_beef_uncontrolled,R0,regression,0,4,16,500,n1_pre_l1,,R0_real_fly,,ab182c2218e6e7a4,1,1,1,5ef9f26a4c53,e9_size_d2_n500,5,single_scored_evaluation
9512e25a71e2bbf4,d2_beef_uncontrolled,R2,classification,0,0,16,1000,,,R2_degree_rewired,,beb237ce39c38c45,1,1,1,aeaa183639c5,e9_size_d2_n1000,5,single_scored_evaluation
9512e25a71e2bbf4,d2_beef_uncontrolled,R2,classification,0,0,16,2000,,,R2_degree_rewired,,616be6d74143cd51,1,1,1,45dea923f5eb,e9_size_d2_n2000,5,single_scored_evaluation
9512e25a71e2bbf4,d2_beef_uncontrolled,R2,classification,0,0,16,250,,,R2_degree_rewired,,37bb479a1232e8cf,2,2,2,2b681f4040fc|e2dbcef1dad6,e9_size_d2|e9_size_d2_n250,5,true_repeat_different_config
9512e25a71e2bbf4,d2_beef_uncontrolled,R2,classification,0,0,16,4000,,,R2_degree_rewired,,d878d386cf98d8a3,1,1,1,e2526bc8a3c8,e9_size_d2_n4000,5,single_scored_evaluation
9512e25a71e2bbf4,d2_beef_uncontrolled,R2,classification,0,0,16,500,,,R2_degree_rewired,,303c987a6adae89d,1,1,1,5ef9f26a4c53,e9_size_d2_n500,5,single_scored_evaluation
95303ac624dc9fbd,d2_beef_uncontrolled,R2,regression,0,1,16,1000,,,R2_degree_rewired,,dbf05d59ccaadd4f,1,1,1,aeaa183639c5,e9_size_d2_n1000,5,single_scored_evaluation
95303ac624dc9fbd,d2_beef_uncontrolled,R2,regression,0,1,16,2000,,,R2_degree_rewired,,19267f82a7a16e4f,1,1,1,45dea923f5eb,e9_size_d2_n2000,5,single_scored_evaluation
95303ac624dc9fbd,d2_beef_uncontrolled,R2,regression,0,1,16,250,,,R2_degree_rewired,,d1bc20c1fd982a28,2,2,2,2b681f4040fc|e2dbcef1dad6,e9_size_d2|e9_size_d2_n250,5,true_repeat_different_config
95303ac624dc9fbd,d2_beef_uncontrolled,R2,regression,0,1,16,4000,,,R2_degree_rewired,,e7f816895ca96dd5,1,1,1,e2526bc8a3c8,e9_size_d2_n4000,5,single_scored_evaluation
95303ac624dc9fbd,d2_beef_uncontrolled,R2,regression,0,1,16,500,,,R2_degree_rewired,,2b745b07d372e827,1,1,1,5ef9f26a4c53,e9_size_d2_n500,5,single_scored_evaluation
95e7d2883265defa,d2_beef_uncontrolled,R2,regression,0,0,16,1000,,,R2_degree_rewired,,9f4ad79ea2e13bfc,1,1,1,aeaa183639c5,e9_size_d2_n1000,5,single_scored_evaluation
95e7d2883265defa,d2_beef_uncontrolled,R2,regression,0,0,16,2000,,,R2_degree_rewired,,7a11263482c1e98b,1,1,1,45dea923f5eb,e9_size_d2_n2000,5,single_scored_evaluation
95e7d2883265defa,d2_beef_uncontrolled,R2,regression,0,0,16,250,,,R2_degree_rewired,,1a02114f429a70b2,2,2,2,2b681f4040fc|e2dbcef1dad6,e9_size_d2|e9_size_d2_n250,5,true_repeat_different_config
95e7d2883265defa,d2_beef_uncontrolled,R2,regression,0,0,16,4000,,,R2_degree_rewired,,a86f79f02b6a1a71,1,1,1,e2526bc8a3c8,e9_size_d2_n4000,5,single_scored_evaluation
95e7d2883265defa,d2_beef_uncontrolled,R2,regression,0,0,16,500,,,R2_degree_rewired,,1a9c795fb3e1f401,1,1,1,5ef9f26a4c53,e9_size_d2_n500,5,single_scored_evaluation
964404b0aa395fed,d2_beef_uncontrolled,R1,regression,0,3,16,1000,,,R1_weight_shuffled,,b9d6dbc15cc8080f,1,1,1,aeaa183639c5,e9_size_d2_n1000,5,single_scored_evaluation
964404b0aa395fed,d2_beef_uncontrolled,R1,regression,0,3,16,2000,,,R1_weight_shuffled,,8f8b30b4bd270b23,1,1,1,45dea923f5eb,e9_size_d2_n2000,5,single_scored_evaluation
964404b0aa395fed,d2_beef_uncontrolled,R1,regression,0,3,16,250,,,R1_weight_shuffled,,64cc12372ec5ccbc,2,2,2,2b681f4040fc|e2dbcef1dad6,e9_size_d2|e9_size_d2_n250,5,true_repeat_different_config
964404b0aa395fed,d2_beef_uncontrolled,R1,regression,0,3,16,4000,,,R1_weight_shuffled,,de2f370b6838e758,1,1,1,e2526bc8a3c8,e9_size_d2_n4000,5,single_scored_evaluation
964404b0aa395fed,d2_beef_uncontrolled,R1,regression,0,3,16,500,,,R1_weight_shuffled,,7a3427b4d63986ca,1,1,1,5ef9f26a4c53,e9_size_d2_n500,5,single_scored_evaluation
99db4735a80325fc,d2_beef_uncontrolled,R0,classification,0,3,16,1000,n1_pre_l1,,R0_real_fly,,6a7834de90b4a35d,1,1,1,aeaa183639c5,e9_size_d2_n1000,5,single_scored_evaluation
99db4735a80325fc,d2_beef_uncontrolled,R0,classification,0,3,16,2000,n1_pre_l1,,R0_real_fly,,6143e35016ec2f13,1,1,1,45dea923f5eb,e9_size_d2_n2000,5,single_scored_evaluation
99db4735a80325fc,d2_beef_uncontrolled,R0,classification,0,3,16,250,n1_pre_l1,,R0_real_fly,,3db374c05ab99c2f,2,2,2,2b681f4040fc|e2dbcef1dad6,e9_size_d2|e9_size_d2_n250,5,true_repeat_different_config
99db4735a80325fc,d2_beef_uncontrolled,R0,classification,0,3,16,4000,n1_pre_l1,,R0_real_fly,,4ac9b13b48687379,1,1,1,e2526bc8a3c8,e9_size_d2_n4000,5,single_scored_evaluation
99db4735a80325fc,d2_beef_uncontrolled,R0,classification,0,3,16,500,n1_pre_l1,,R0_real_fly,,d0f554f833dd5426,1,1,1,5ef9f26a4c53,e9_size_d2_n500,5,single_scored_evaluation
9b0cf7d39966d5ca,d2_beef_uncontrolled,R4,classification,0,1,16,1000,,,R4_er_esn,,621bec1d5ad7826c,1,1,1,aeaa183639c5,e9_size_d2_n1000,5,single_scored_evaluation
9b0cf7d39966d5ca,d2_beef_uncontrolled,R4,classification,0,1,16,2000,,,R4_er_esn,,5be4da2becaaecb5,1,1,1,45dea923f5eb,e9_size_d2_n2000,5,single_scored_evaluation
9b0cf7d39966d5ca,d2_beef_uncontrolled,R4,classification,0,1,16,250,,,R4_er_esn,,953c70a021beaab3,2,2,2,2b681f4040fc|e2dbcef1dad6,e9_size_d2|e9_size_d2_n250,5,true_repeat_different_config
9b0cf7d39966d5ca,d2_beef_uncontrolled,R4,classification,0,1,16,4000,,,R4_er_esn,,1d3d4a8001327b78,1,1,1,e2526bc8a3c8,e9_size_d2_n4000,5,single_scored_evaluation
9b0cf7d39966d5ca,d2_beef_uncontrolled,R4,classification,0,1,16,500,,,R4_er_esn,,689ce4ce44ed4797,1,1,1,5ef9f26a4c53,e9_size_d2_n500,5,single_scored_evaluation
9bc0e0f7aefc3a5c,d2_beef_uncontrolled,R5,regression,0,2,16,1000,,,R5_small_world,,e2167e27f6721b7c,1,1,1,aeaa183639c5,e9_size_d2_n1000,5,single_scored_evaluation
9bc0e0f7aefc3a5c,d2_beef_uncontrolled,R5,regression,0,2,16,2000,,,R5_small_world,,9773a2fc7f9f4277,1,1,1,45dea923f5eb,e9_size_d2_n2000,5,single_scored_evaluation
9bc0e0f7aefc3a5c,d2_beef_uncontrolled,R5,regression,0,2,16,250,,,R5_small_world,,33a8fae39491269e,2,2,2,2b681f4040fc|e2dbcef1dad6,e9_size_d2|e9_size_d2_n250,5,true_repeat_different_config
9bc0e0f7aefc3a5c,d2_beef_uncontrolled,R5,regression,0,2,16,4000,,,R5_small_world,,dc776fe1ea45042e,1,1,1,e2526bc8a3c8,e9_size_d2_n4000,5,single_scored_evaluation
9bc0e0f7aefc3a5c,d2_beef_uncontrolled,R5,regression,0,2,16,500,,,R5_small_world,,5c45ade7ce52aa24,1,1,1,5ef9f26a4c53,e9_size_d2_n500,5,single_scored_evaluation
a2e30f1d2be6bf54,d2_beef_uncontrolled,R5,regression,0,4,16,1000,,,R5_small_world,,49d7b5f1d3dd9841,1,1,1,aeaa183639c5,e9_size_d2_n1000,5,single_scored_evaluation
a2e30f1d2be6bf54,d2_beef_uncontrolled,R5,regression,0,4,16,2000,,,R5_small_world,,744bbd3557d6256f,1,1,1,45dea923f5eb,e9_size_d2_n2000,5,single_scored_evaluation
a2e30f1d2be6bf54,d2_beef_uncontrolled,R5,regression,0,4,16,250,,,R5_small_world,,b816d386b7ed71a4,2,2,2,2b681f4040fc|e2dbcef1dad6,e9_size_d2|e9_size_d2_n250,5,true_repeat_different_config
a2e30f1d2be6bf54,d2_beef_uncontrolled,R5,regression,0,4,16,4000,,,R5_small_world,,56251e679f1249b1,1,1,1,e2526bc8a3c8,e9_size_d2_n4000,5,single_scored_evaluation
a2e30f1d2be6bf54,d2_beef_uncontrolled,R5,regression,0,4,16,500,,,R5_small_world,,c474789235633fb5,1,1,1,5ef9f26a4c53,e9_size_d2_n500,5,single_scored_evaluation
a53bad3aa75975fb,d2_beef_uncontrolled,R0,classification,0,1,16,1000,n1_pre_l1,,R0_real_fly,,b96696f076f99619,1,1,1,aeaa183639c5,e9_size_d2_n1000,5,single_scored_evaluation
a53bad3aa75975fb,d2_beef_uncontrolled,R0,classification,0,1,16,2000,n1_pre_l1,,R0_real_fly,,4e114b839b6b959b,1,1,1,45dea923f5eb,e9_size_d2_n2000,5,single_scored_evaluation
a53bad3aa75975fb,d2_beef_uncontrolled,R0,classification,0,1,16,250,n1_pre_l1,,R0_real_fly,,3a86cfe5663d93c6,2,2,2,2b681f4040fc|e2dbcef1dad6,e9_size_d2|e9_size_d2_n250,5,true_repeat_different_config
a53bad3aa75975fb,d2_beef_uncontrolled,R0,classification,0,1,16,4000,n1_pre_l1,,R0_real_fly,,e39b02c7ebcc083c,1,1,1,e2526bc8a3c8,e9_size_d2_n4000,5,single_scored_evaluation
a53bad3aa75975fb,d2_beef_uncontrolled,R0,classification,0,1,16,500,n1_pre_l1,,R0_real_fly,,f91e80cd261d0068,1,1,1,5ef9f26a4c53,e9_size_d2_n500,5,single_scored_evaluation
a74fa4d235ff72bd,d2_beef_uncontrolled,R6,regression,0,2,16,1000,,,R6_dense_random,,5811c0fd44c1d06a,1,1,1,aeaa183639c5,e9_size_d2_n1000,5,single_scored_evaluation
a74fa4d235ff72bd,d2_beef_uncontrolled,R6,regression,0,2,16,2000,,,R6_dense_random,,0518e7a90fbd0643,1,1,1,45dea923f5eb,e9_size_d2_n2000,5,single_scored_evaluation
a74fa4d235ff72bd,d2_beef_uncontrolled,R6,regression,0,2,16,250,,,R6_dense_random,,e5bef1e755fed5b8,2,2,2,2b681f4040fc|e2dbcef1dad6,e9_size_d2|e9_size_d2_n250,5,true_repeat_different_config
a74fa4d235ff72bd,d2_beef_uncontrolled,R6,regression,0,2,16,4000,,,R6_dense_random,,74fa6899dc7d038d,1,1,1,e2526bc8a3c8,e9_size_d2_n4000,5,single_scored_evaluation
a74fa4d235ff72bd,d2_beef_uncontrolled,R6,regression,0,2,16,500,,,R6_dense_random,,6365659b6f070bc2,1,1,1,5ef9f26a4c53,e9_size_d2_n500,5,single_scored_evaluation
ab401501e5a8470a,d2_beef_uncontrolled,R6,classification,0,4,16,1000,,,R6_dense_random,,a6cc85f7e766768b,1,1,1,aeaa183639c5,e9_size_d2_n1000,5,single_scored_evaluation
ab401501e5a8470a,d2_beef_uncontrolled,R6,classification,0,4,16,2000,,,R6_dense_random,,deaf16131a7acfb9,1,1,1,45dea923f5eb,e9_size_d2_n2000,5,single_scored_evaluation
ab401501e5a8470a,d2_beef_uncontrolled,R6,classification,0,4,16,250,,,R6_dense_random,,04edb25b122a55fa,2,2,2,2b681f4040fc|e2dbcef1dad6,e9_size_d2|e9_size_d2_n250,5,true_repeat_different_config
ab401501e5a8470a,d2_beef_uncontrolled,R6,classification,0,4,16,4000,,,R6_dense_random,,29f58b2d798fc830,1,1,1,e2526bc8a3c8,e9_size_d2_n4000,5,single_scored_evaluation
ab401501e5a8470a,d2_beef_uncontrolled,R6,classification,0,4,16,500,,,R6_dense_random,,d990d948cbb82d90,1,1,1,5ef9f26a4c53,e9_size_d2_n500,5,single_scored_evaluation
af7dd817f59b478c,d2_beef_uncontrolled,R2,classification,0,2,16,1000,,,R2_degree_rewired,,e4eee8027f63a684,1,1,1,aeaa183639c5,e9_size_d2_n1000,5,single_scored_evaluation
af7dd817f59b478c,d2_beef_uncontrolled,R2,classification,0,2,16,2000,,,R2_degree_rewired,,9697d00f8916d7f1,1,1,1,45dea923f5eb,e9_size_d2_n2000,5,single_scored_evaluation
af7dd817f59b478c,d2_beef_uncontrolled,R2,classification,0,2,16,250,,,R2_degree_rewired,,a82a5bbb546287ac,2,2,2,2b681f4040fc|e2dbcef1dad6,e9_size_d2|e9_size_d2_n250,5,true_repeat_different_config
af7dd817f59b478c,d2_beef_uncontrolled,R2,classification,0,2,16,4000,,,R2_degree_rewired,,da5d10385c012afe,1,1,1,e2526bc8a3c8,e9_size_d2_n4000,5,single_scored_evaluation
af7dd817f59b478c,d2_beef_uncontrolled,R2,classification,0,2,16,500,,,R2_degree_rewired,,2cd2abc94a155f13,1,1,1,5ef9f26a4c53,e9_size_d2_n500,5,single_scored_evaluation
bb273375e97e9f32,d2_beef_uncontrolled,R3,classification,0,1,16,1000,,,R3_random_sparse,,4b7e3cfacf44cb18,1,1,1,aeaa183639c5,e9_size_d2_n1000,5,single_scored_evaluation
bb273375e97e9f32,d2_beef_uncontrolled,R3,classification,0,1,16,2000,,,R3_random_sparse,,73c137ececab0a72,1,1,1,45dea923f5eb,e9_size_d2_n2000,5,single_scored_evaluation
bb273375e97e9f32,d2_beef_uncontrolled,R3,classification,0,1,16,250,,,R3_random_sparse,,92e1ea15e08a51f7,2,2,2,2b681f4040fc|e2dbcef1dad6,e9_size_d2|e9_size_d2_n250,5,true_repeat_different_config
bb273375e97e9f32,d2_beef_uncontrolled,R3,classification,0,1,16,4000,,,R3_random_sparse,,0db4bee1743c9987,1,1,1,e2526bc8a3c8,e9_size_d2_n4000,5,single_scored_evaluation
bb273375e97e9f32,d2_beef_uncontrolled,R3,classification,0,1,16,500,,,R3_random_sparse,,45541d913c51fce8,1,1,1,5ef9f26a4c53,e9_size_d2_n500,5,single_scored_evaluation
be35057fa7331feb,d2_beef_uncontrolled,R0,regression,0,1,16,1000,n1_pre_l1,,R0_real_fly,,b825e7ab1675e244,1,1,1,aeaa183639c5,e9_size_d2_n1000,5,single_scored_evaluation
be35057fa7331feb,d2_beef_uncontrolled,R0,regression,0,1,16,2000,n1_pre_l1,,R0_real_fly,,966a3dee4ab57d35,1,1,1,45dea923f5eb,e9_size_d2_n2000,5,single_scored_evaluation
be35057fa7331feb,d2_beef_uncontrolled,R0,regression,0,1,16,250,n1_pre_l1,,R0_real_fly,,34ba601d525de583,2,2,2,2b681f4040fc|e2dbcef1dad6,e9_size_d2|e9_size_d2_n250,5,true_repeat_different_config
be35057fa7331feb,d2_beef_uncontrolled,R0,regression,0,1,16,4000,n1_pre_l1,,R0_real_fly,,6aad3fa97cd8f592,1,1,1,e2526bc8a3c8,e9_size_d2_n4000,5,single_scored_evaluation
be35057fa7331feb,d2_beef_uncontrolled,R0,regression,0,1,16,500,n1_pre_l1,,R0_real_fly,,c541f05f7de20b05,1,1,1,5ef9f26a4c53,e9_size_d2_n500,5,single_scored_evaluation
bf2f611cc30469be,d2_beef_uncontrolled,R4,classification,0,0,16,1000,,,R4_er_esn,,f0cba3fe6e89daae,1,1,1,aeaa183639c5,e9_size_d2_n1000,5,single_scored_evaluation
bf2f611cc30469be,d2_beef_uncontrolled,R4,classification,0,0,16,2000,,,R4_er_esn,,834917e9c30786d1,1,1,1,45dea923f5eb,e9_size_d2_n2000,5,single_scored_evaluation
bf2f611cc30469be,d2_beef_uncontrolled,R4,classification,0,0,16,250,,,R4_er_esn,,26e80a986b35bb5f,2,2,2,2b681f4040fc|e2dbcef1dad6,e9_size_d2|e9_size_d2_n250,5,true_repeat_different_config
bf2f611cc30469be,d2_beef_uncontrolled,R4,classification,0,0,16,4000,,,R4_er_esn,,b7fa9e521ac83d1c,1,1,1,e2526bc8a3c8,e9_size_d2_n4000,5,single_scored_evaluation
bf2f611cc30469be,d2_beef_uncontrolled,R4,classification,0,0,16,500,,,R4_er_esn,,f93537ee42f9c24a,1,1,1,5ef9f26a4c53,e9_size_d2_n500,5,single_scored_evaluation
c2661301901658f9,d2_beef_uncontrolled,R6,regression,0,3,16,1000,,,R6_dense_random,,ecafa951b54def9d,1,1,1,aeaa183639c5,e9_size_d2_n1000,5,single_scored_evaluation
c2661301901658f9,d2_beef_uncontrolled,R6,regression,0,3,16,2000,,,R6_dense_random,,24418bcd86aeb74c,1,1,1,45dea923f5eb,e9_size_d2_n2000,5,single_scored_evaluation
c2661301901658f9,d2_beef_uncontrolled,R6,regression,0,3,16,250,,,R6_dense_random,,e01ffb539727c1e7,2,2,2,2b681f4040fc|e2dbcef1dad6,e9_size_d2|e9_size_d2_n250,5,true_repeat_different_config
c2661301901658f9,d2_beef_uncontrolled,R6,regression,0,3,16,4000,,,R6_dense_random,,00c8a8d8b4278b7f,1,1,1,e2526bc8a3c8,e9_size_d2_n4000,5,single_scored_evaluation
c2661301901658f9,d2_beef_uncontrolled,R6,regression,0,3,16,500,,,R6_dense_random,,d040988724368afe,1,1,1,5ef9f26a4c53,e9_size_d2_n500,5,single_scored_evaluation
c543ed0b359319b2,d2_beef_uncontrolled,R0,regression,0,2,16,1000,n1_pre_l1,,R0_real_fly,,0c550273de996b1f,1,1,1,aeaa183639c5,e9_size_d2_n1000,5,single_scored_evaluation
c543ed0b359319b2,d2_beef_uncontrolled,R0,regression,0,2,16,2000,n1_pre_l1,,R0_real_fly,,7b64bce750892239,1,1,1,45dea923f5eb,e9_size_d2_n2000,5,single_scored_evaluation
c543ed0b359319b2,d2_beef_uncontrolled,R0,regression,0,2,16,250,n1_pre_l1,,R0_real_fly,,81b7af64a799ac93,2,2,2,2b681f4040fc|e2dbcef1dad6,e9_size_d2|e9_size_d2_n250,5,true_repeat_different_config
c543ed0b359319b2,d2_beef_uncontrolled,R0,regression,0,2,16,4000,n1_pre_l1,,R0_real_fly,,448befabf8ac44db,1,1,1,e2526bc8a3c8,e9_size_d2_n4000,5,single_scored_evaluation
c543ed0b359319b2,d2_beef_uncontrolled,R0,regression,0,2,16,500,n1_pre_l1,,R0_real_fly,,69c4418731220203,1,1,1,5ef9f26a4c53,e9_size_d2_n500,5,single_scored_evaluation
c984e5f5de319a4b,d2_beef_uncontrolled,R5,regression,0,1,16,1000,,,R5_small_world,,388e1d92f1e32e4b,1,1,1,aeaa183639c5,e9_size_d2_n1000,5,single_scored_evaluation
c984e5f5de319a4b,d2_beef_uncontrolled,R5,regression,0,1,16,2000,,,R5_small_world,,c99f77bbf1d7eb15,1,1,1,45dea923f5eb,e9_size_d2_n2000,5,single_scored_evaluation
c984e5f5de319a4b,d2_beef_uncontrolled,R5,regression,0,1,16,250,,,R5_small_world,,eadbaf100ba260c9,2,2,2,2b681f4040fc|e2dbcef1dad6,e9_size_d2|e9_size_d2_n250,5,true_repeat_different_config
c984e5f5de319a4b,d2_beef_uncontrolled,R5,regression,0,1,16,4000,,,R5_small_world,,845a4fe4273a9de9,1,1,1,e2526bc8a3c8,e9_size_d2_n4000,5,single_scored_evaluation
c984e5f5de319a4b,d2_beef_uncontrolled,R5,regression,0,1,16,500,,,R5_small_world,,bcc5f0beb72e2775,1,1,1,5ef9f26a4c53,e9_size_d2_n500,5,single_scored_evaluation
ca4f1d01d5b6481d,d2_beef_uncontrolled,R6,regression,0,1,16,1000,,,R6_dense_random,,5e36ad8afe96f893,1,1,1,aeaa183639c5,e9_size_d2_n1000,5,single_scored_evaluation
ca4f1d01d5b6481d,d2_beef_uncontrolled,R6,regression,0,1,16,2000,,,R6_dense_random,,edef938298f2bc09,1,1,1,45dea923f5eb,e9_size_d2_n2000,5,single_scored_evaluation
ca4f1d01d5b6481d,d2_beef_uncontrolled,R6,regression,0,1,16,250,,,R6_dense_random,,9450cf1d09777567,2,2,2,2b681f4040fc|e2dbcef1dad6,e9_size_d2|e9_size_d2_n250,5,true_repeat_different_config
ca4f1d01d5b6481d,d2_beef_uncontrolled,R6,regression,0,1,16,4000,,,R6_dense_random,,8236e79067a4e103,1,1,1,e2526bc8a3c8,e9_size_d2_n4000,5,single_scored_evaluation
ca4f1d01d5b6481d,d2_beef_uncontrolled,R6,regression,0,1,16,500,,,R6_dense_random,,0f823c475160035f,1,1,1,5ef9f26a4c53,e9_size_d2_n500,5,single_scored_evaluation
caf54b92b3c16c65,d2_beef_uncontrolled,R2,regression,0,2,16,1000,,,R2_degree_rewired,,300890762658f646,1,1,1,aeaa183639c5,e9_size_d2_n1000,5,single_scored_evaluation
caf54b92b3c16c65,d2_beef_uncontrolled,R2,regression,0,2,16,2000,,,R2_degree_rewired,,dbfb40bd5f7ec312,1,1,1,45dea923f5eb,e9_size_d2_n2000,5,single_scored_evaluation
caf54b92b3c16c65,d2_beef_uncontrolled,R2,regression,0,2,16,250,,,R2_degree_rewired,,56e252811319599f,2,2,2,2b681f4040fc|e2dbcef1dad6,e9_size_d2|e9_size_d2_n250,5,true_repeat_different_config
caf54b92b3c16c65,d2_beef_uncontrolled,R2,regression,0,2,16,4000,,,R2_degree_rewired,,ccdaab1e92b86b19,1,1,1,e2526bc8a3c8,e9_size_d2_n4000,5,single_scored_evaluation
caf54b92b3c16c65,d2_beef_uncontrolled,R2,regression,0,2,16,500,,,R2_degree_rewired,,33b46ab968af9432,1,1,1,5ef9f26a4c53,e9_size_d2_n500,5,single_scored_evaluation
cb4c3c6f1d1f8ae6,d2_beef_uncontrolled,R1,classification,0,3,16,1000,,,R1_weight_shuffled,,944c9ba4aaf8c0ad,1,1,1,aeaa183639c5,e9_size_d2_n1000,5,single_scored_evaluation
cb4c3c6f1d1f8ae6,d2_beef_uncontrolled,R1,classification,0,3,16,2000,,,R1_weight_shuffled,,625629e7a261acdb,1,1,1,45dea923f5eb,e9_size_d2_n2000,5,single_scored_evaluation
cb4c3c6f1d1f8ae6,d2_beef_uncontrolled,R1,classification,0,3,16,250,,,R1_weight_shuffled,,57f2e11e8b7e6d41,2,2,2,2b681f4040fc|e2dbcef1dad6,e9_size_d2|e9_size_d2_n250,5,true_repeat_different_config
cb4c3c6f1d1f8ae6,d2_beef_uncontrolled,R1,classification,0,3,16,4000,,,R1_weight_shuffled,,c46dcac2b522b0f0,1,1,1,e2526bc8a3c8,e9_size_d2_n4000,5,single_scored_evaluation
cb4c3c6f1d1f8ae6,d2_beef_uncontrolled,R1,classification,0,3,16,500,,,R1_weight_shuffled,,f3181e319248e5cd,1,1,1,5ef9f26a4c53,e9_size_d2_n500,5,single_scored_evaluation
d2c488b897bbd298,d2_beef_uncontrolled,R3,regression,0,2,16,1000,,,R3_random_sparse,,f7ec723b664a2130,1,1,1,aeaa183639c5,e9_size_d2_n1000,5,single_scored_evaluation
d2c488b897bbd298,d2_beef_uncontrolled,R3,regression,0,2,16,2000,,,R3_random_sparse,,6f951f66b3a575e0,1,1,1,45dea923f5eb,e9_size_d2_n2000,5,single_scored_evaluation
d2c488b897bbd298,d2_beef_uncontrolled,R3,regression,0,2,16,250,,,R3_random_sparse,,7a4b5b6f4ed984a0,2,2,2,2b681f4040fc|e2dbcef1dad6,e9_size_d2|e9_size_d2_n250,5,true_repeat_different_config
d2c488b897bbd298,d2_beef_uncontrolled,R3,regression,0,2,16,4000,,,R3_random_sparse,,90191ca5e346be0a,1,1,1,e2526bc8a3c8,e9_size_d2_n4000,5,single_scored_evaluation
d2c488b897bbd298,d2_beef_uncontrolled,R3,regression,0,2,16,500,,,R3_random_sparse,,48ffe02d0f10937e,1,1,1,5ef9f26a4c53,e9_size_d2_n500,5,single_scored_evaluation
d3671598e3ccc986,d2_beef_uncontrolled,R4,regression,0,2,16,1000,,,R4_er_esn,,b34d522a0003eb56,1,1,1,aeaa183639c5,e9_size_d2_n1000,5,single_scored_evaluation
d3671598e3ccc986,d2_beef_uncontrolled,R4,regression,0,2,16,2000,,,R4_er_esn,,2e7c662f38297607,1,1,1,45dea923f5eb,e9_size_d2_n2000,5,single_scored_evaluation
d3671598e3ccc986,d2_beef_uncontrolled,R4,regression,0,2,16,250,,,R4_er_esn,,7d07b8d8c1ac9e13,2,2,2,2b681f4040fc|e2dbcef1dad6,e9_size_d2|e9_size_d2_n250,5,true_repeat_different_config
d3671598e3ccc986,d2_beef_uncontrolled,R4,regression,0,2,16,4000,,,R4_er_esn,,6fe27874fb350cda,1,1,1,e2526bc8a3c8,e9_size_d2_n4000,5,single_scored_evaluation
d3671598e3ccc986,d2_beef_uncontrolled,R4,regression,0,2,16,500,,,R4_er_esn,,8c4d6de84fa3bb23,1,1,1,5ef9f26a4c53,e9_size_d2_n500,5,single_scored_evaluation
d5d87dd5ba906cc1,d2_beef_uncontrolled,R4,regression,0,4,16,1000,,,R4_er_esn,,788e960e4ee26efe,1,1,1,aeaa183639c5,e9_size_d2_n1000,5,single_scored_evaluation
d5d87dd5ba906cc1,d2_beef_uncontrolled,R4,regression,0,4,16,2000,,,R4_er_esn,,15db83a842e24b1f,1,1,1,45dea923f5eb,e9_size_d2_n2000,5,single_scored_evaluation
d5d87dd5ba906cc1,d2_beef_uncontrolled,R4,regression,0,4,16,250,,,R4_er_esn,,cc2d5cecf3658816,2,2,2,2b681f4040fc|e2dbcef1dad6,e9_size_d2|e9_size_d2_n250,5,true_repeat_different_config
d5d87dd5ba906cc1,d2_beef_uncontrolled,R4,regression,0,4,16,4000,,,R4_er_esn,,cad7f44b4f28ce00,1,1,1,e2526bc8a3c8,e9_size_d2_n4000,5,single_scored_evaluation
d5d87dd5ba906cc1,d2_beef_uncontrolled,R4,regression,0,4,16,500,,,R4_er_esn,,3fb3a6c1c76859c1,1,1,1,5ef9f26a4c53,e9_size_d2_n500,5,single_scored_evaluation
d7298b9f86e00911,d2_beef_uncontrolled,R3,classification,0,4,16,1000,,,R3_random_sparse,,019ae7f92d5c772c,1,1,1,aeaa183639c5,e9_size_d2_n1000,5,single_scored_evaluation
d7298b9f86e00911,d2_beef_uncontrolled,R3,classification,0,4,16,2000,,,R3_random_sparse,,2a6f0facb2246dcc,1,1,1,45dea923f5eb,e9_size_d2_n2000,5,single_scored_evaluation
d7298b9f86e00911,d2_beef_uncontrolled,R3,classification,0,4,16,250,,,R3_random_sparse,,d0dce576be3fa042,2,2,2,2b681f4040fc|e2dbcef1dad6,e9_size_d2|e9_size_d2_n250,5,true_repeat_different_config
d7298b9f86e00911,d2_beef_uncontrolled,R3,classification,0,4,16,4000,,,R3_random_sparse,,809d8b1709a261bf,1,1,1,e2526bc8a3c8,e9_size_d2_n4000,5,single_scored_evaluation
d7298b9f86e00911,d2_beef_uncontrolled,R3,classification,0,4,16,500,,,R3_random_sparse,,5773949ee1ae831b,1,1,1,5ef9f26a4c53,e9_size_d2_n500,5,single_scored_evaluation
d8d96b8ad1e1f458,d2_beef_uncontrolled,R3,regression,0,4,16,1000,,,R3_random_sparse,,da10ab6b2439a27a,1,1,1,aeaa183639c5,e9_size_d2_n1000,5,single_scored_evaluation
d8d96b8ad1e1f458,d2_beef_uncontrolled,R3,regression,0,4,16,2000,,,R3_random_sparse,,7fbb57352acd4e16,1,1,1,45dea923f5eb,e9_size_d2_n2000,5,single_scored_evaluation
d8d96b8ad1e1f458,d2_beef_uncontrolled,R3,regression,0,4,16,250,,,R3_random_sparse,,25d4bd3e9b547e92,2,2,2,2b681f4040fc|e2dbcef1dad6,e9_size_d2|e9_size_d2_n250,5,true_repeat_different_config
d8d96b8ad1e1f458,d2_beef_uncontrolled,R3,regression,0,4,16,4000,,,R3_random_sparse,,0f4b37844d3e8ff8,1,1,1,e2526bc8a3c8,e9_size_d2_n4000,5,single_scored_evaluation
d8d96b8ad1e1f458,d2_beef_uncontrolled,R3,regression,0,4,16,500,,,R3_random_sparse,,b33a92620e210a24,1,1,1,5ef9f26a4c53,e9_size_d2_n500,5,single_scored_evaluation
dc8c3b9dbc9310a5,d2_beef_uncontrolled,R3,classification,0,0,16,1000,,,R3_random_sparse,,20e4ce44496bd56f,1,1,1,aeaa183639c5,e9_size_d2_n1000,5,single_scored_evaluation
dc8c3b9dbc9310a5,d2_beef_uncontrolled,R3,classification,0,0,16,2000,,,R3_random_sparse,,eba1556393bf44bf,1,1,1,45dea923f5eb,e9_size_d2_n2000,5,single_scored_evaluation
dc8c3b9dbc9310a5,d2_beef_uncontrolled,R3,classification,0,0,16,250,,,R3_random_sparse,,ea4a86642c687460,2,2,2,2b681f4040fc|e2dbcef1dad6,e9_size_d2|e9_size_d2_n250,5,true_repeat_different_config
dc8c3b9dbc9310a5,d2_beef_uncontrolled,R3,classification,0,0,16,4000,,,R3_random_sparse,,b0a8a5fedd89ed0e,1,1,1,e2526bc8a3c8,e9_size_d2_n4000,5,single_scored_evaluation
dc8c3b9dbc9310a5,d2_beef_uncontrolled,R3,classification,0,0,16,500,,,R3_random_sparse,,e93029d2712f40c9,1,1,1,5ef9f26a4c53,e9_size_d2_n500,5,single_scored_evaluation
e44c7170e52c790e,d2_beef_uncontrolled,R5,classification,0,2,16,1000,,,R5_small_world,,9825357fe42bb33d,1,1,1,aeaa183639c5,e9_size_d2_n1000,5,single_scored_evaluation
e44c7170e52c790e,d2_beef_uncontrolled,R5,classification,0,2,16,2000,,,R5_small_world,,38ade4069ba3e0b1,1,1,1,45dea923f5eb,e9_size_d2_n2000,5,single_scored_evaluation
e44c7170e52c790e,d2_beef_uncontrolled,R5,classification,0,2,16,250,,,R5_small_world,,c3fbe7996e0f4968,2,2,2,2b681f4040fc|e2dbcef1dad6,e9_size_d2|e9_size_d2_n250,5,true_repeat_different_config
e44c7170e52c790e,d2_beef_uncontrolled,R5,classification,0,2,16,4000,,,R5_small_world,,944244430310abaa,1,1,1,e2526bc8a3c8,e9_size_d2_n4000,5,single_scored_evaluation
e44c7170e52c790e,d2_beef_uncontrolled,R5,classification,0,2,16,500,,,R5_small_world,,8d762caec058ed96,1,1,1,5ef9f26a4c53,e9_size_d2_n500,5,single_scored_evaluation
eaabcaaf95153ee4,d2_beef_uncontrolled,R3,regression,0,0,16,1000,,,R3_random_sparse,,4c416c5d602b346a,1,1,1,aeaa183639c5,e9_size_d2_n1000,5,single_scored_evaluation
eaabcaaf95153ee4,d2_beef_uncontrolled,R3,regression,0,0,16,2000,,,R3_random_sparse,,e666391bfc0c1e1d,1,1,1,45dea923f5eb,e9_size_d2_n2000,5,single_scored_evaluation
eaabcaaf95153ee4,d2_beef_uncontrolled,R3,regression,0,0,16,250,,,R3_random_sparse,,82d3ac2d2fc28031,2,2,2,2b681f4040fc|e2dbcef1dad6,e9_size_d2|e9_size_d2_n250,5,true_repeat_different_config
eaabcaaf95153ee4,d2_beef_uncontrolled,R3,regression,0,0,16,4000,,,R3_random_sparse,,2932e8bdbf31968f,1,1,1,e2526bc8a3c8,e9_size_d2_n4000,5,single_scored_evaluation
eaabcaaf95153ee4,d2_beef_uncontrolled,R3,regression,0,0,16,500,,,R3_random_sparse,,0f5134c17215ec44,1,1,1,5ef9f26a4c53,e9_size_d2_n500,5,single_scored_evaluation
ee7dad8eb3379e84,d2_beef_uncontrolled,R0,regression,0,3,16,1000,n1_pre_l1,,R0_real_fly,,d947589828fcc58e,1,1,1,aeaa183639c5,e9_size_d2_n1000,5,single_scored_evaluation
ee7dad8eb3379e84,d2_beef_uncontrolled,R0,regression,0,3,16,2000,n1_pre_l1,,R0_real_fly,,9e044547a78510c6,1,1,1,45dea923f5eb,e9_size_d2_n2000,5,single_scored_evaluation
ee7dad8eb3379e84,d2_beef_uncontrolled,R0,regression,0,3,16,250,n1_pre_l1,,R0_real_fly,,581d2b4e89dfd3de,2,2,2,2b681f4040fc|e2dbcef1dad6,e9_size_d2|e9_size_d2_n250,5,true_repeat_different_config
ee7dad8eb3379e84,d2_beef_uncontrolled,R0,regression,0,3,16,4000,n1_pre_l1,,R0_real_fly,,8012d4b86465751d,1,1,1,e2526bc8a3c8,e9_size_d2_n4000,5,single_scored_evaluation
ee7dad8eb3379e84,d2_beef_uncontrolled,R0,regression,0,3,16,500,n1_pre_l1,,R0_real_fly,,81c5458b2e99f06d,1,1,1,5ef9f26a4c53,e9_size_d2_n500,5,single_scored_evaluation
f4390733d22604d4,d2_beef_uncontrolled,R5,classification,0,0,16,1000,,,R5_small_world,,b073eec24942d179,1,1,1,aeaa183639c5,e9_size_d2_n1000,5,single_scored_evaluation
f4390733d22604d4,d2_beef_uncontrolled,R5,classification,0,0,16,2000,,,R5_small_world,,b970d63dd4ded561,1,1,1,45dea923f5eb,e9_size_d2_n2000,5,single_scored_evaluation
f4390733d22604d4,d2_beef_uncontrolled,R5,classification,0,0,16,250,,,R5_small_world,,319b75905cfe7a42,2,2,2,2b681f4040fc|e2dbcef1dad6,e9_size_d2|e9_size_d2_n250,5,true_repeat_different_config
f4390733d22604d4,d2_beef_uncontrolled,R5,classification,0,0,16,4000,,,R5_small_world,,0fa8d6a4d91cf852,1,1,1,e2526bc8a3c8,e9_size_d2_n4000,5,single_scored_evaluation
f4390733d22604d4,d2_beef_uncontrolled,R5,classification,0,0,16,500,,,R5_small_world,,e6ba85dcb49cbfba,1,1,1,5ef9f26a4c53,e9_size_d2_n500,5,single_scored_evaluation
f508742cfdf18a55,d2_beef_uncontrolled,R4,classification,0,3,16,1000,,,R4_er_esn,,195b157505fc77b8,1,1,1,aeaa183639c5,e9_size_d2_n1000,5,single_scored_evaluation
f508742cfdf18a55,d2_beef_uncontrolled,R4,classification,0,3,16,2000,,,R4_er_esn,,06479b155797c216,1,1,1,45dea923f5eb,e9_size_d2_n2000,5,single_scored_evaluation
f508742cfdf18a55,d2_beef_uncontrolled,R4,classification,0,3,16,250,,,R4_er_esn,,be5be15f586476af,2,2,2,2b681f4040fc|e2dbcef1dad6,e9_size_d2|e9_size_d2_n250,5,true_repeat_different_config
f508742cfdf18a55,d2_beef_uncontrolled,R4,classification,0,3,16,4000,,,R4_er_esn,,074a1a1a15a80d23,1,1,1,e2526bc8a3c8,e9_size_d2_n4000,5,single_scored_evaluation
f508742cfdf18a55,d2_beef_uncontrolled,R4,classification,0,3,16,500,,,R4_er_esn,,db7faba5ed2590de,1,1,1,5ef9f26a4c53,e9_size_d2_n500,5,single_scored_evaluation
f651b28faeba8e54,d2_beef_uncontrolled,R3,regression,0,1,16,1000,,,R3_random_sparse,,f40f57b7c753767c,1,1,1,aeaa183639c5,e9_size_d2_n1000,5,single_scored_evaluation
f651b28faeba8e54,d2_beef_uncontrolled,R3,regression,0,1,16,2000,,,R3_random_sparse,,1404aa29833a5cbf,1,1,1,45dea923f5eb,e9_size_d2_n2000,5,single_scored_evaluation
f651b28faeba8e54,d2_beef_uncontrolled,R3,regression,0,1,16,250,,,R3_random_sparse,,4eccca85769a41d2,2,2,2,2b681f4040fc|e2dbcef1dad6,e9_size_d2|e9_size_d2_n250,5,true_repeat_different_config
f651b28faeba8e54,d2_beef_uncontrolled,R3,regression,0,1,16,4000,,,R3_random_sparse,,5c241a6b6ced0b7c,1,1,1,e2526bc8a3c8,e9_size_d2_n4000,5,single_scored_evaluation
f651b28faeba8e54,d2_beef_uncontrolled,R3,regression,0,1,16,500,,,R3_random_sparse,,b82897f316e7d036,1,1,1,5ef9f26a4c53,e9_size_d2_n500,5,single_scored_evaluation
fbe44838fb1ba484,d2_beef_uncontrolled,R0,classification,0,0,16,1000,n1_pre_l1,,R0_real_fly,,69e67cd9ce5580bd,1,1,1,aeaa183639c5,e9_size_d2_n1000,5,single_scored_evaluation
fbe44838fb1ba484,d2_beef_uncontrolled,R0,classification,0,0,16,2000,n1_pre_l1,,R0_real_fly,,41b9806ca7526c25,1,1,1,45dea923f5eb,e9_size_d2_n2000,5,single_scored_evaluation
fbe44838fb1ba484,d2_beef_uncontrolled,R0,classification,0,0,16,250,n1_pre_l1,,R0_real_fly,,c70c382a25eb36c6,2,2,2,2b681f4040fc|e2dbcef1dad6,e9_size_d2|e9_size_d2_n250,5,true_repeat_different_config
fbe44838fb1ba484,d2_beef_uncontrolled,R0,classification,0,0,16,4000,n1_pre_l1,,R0_real_fly,,aecb8ad8a8239f1d,1,1,1,e2526bc8a3c8,e9_size_d2_n4000,5,single_scored_evaluation
fbe44838fb1ba484,d2_beef_uncontrolled,R0,classification,0,0,16,500,n1_pre_l1,,R0_real_fly,,b2dadd923633b248,1,1,1,5ef9f26a4c53,e9_size_d2_n500,5,single_scored_evaluation
fcad8c796a9ac221,d2_beef_uncontrolled,R1,classification,0,4,16,1000,,,R1_weight_shuffled,,86dff658954f037e,1,1,1,aeaa183639c5,e9_size_d2_n1000,5,single_scored_evaluation
fcad8c796a9ac221,d2_beef_uncontrolled,R1,classification,0,4,16,2000,,,R1_weight_shuffled,,712d7c02b345894b,1,1,1,45dea923f5eb,e9_size_d2_n2000,5,single_scored_evaluation
fcad8c796a9ac221,d2_beef_uncontrolled,R1,classification,0,4,16,250,,,R1_weight_shuffled,,42d0dd8e913161a1,2,2,2,2b681f4040fc|e2dbcef1dad6,e9_size_d2|e9_size_d2_n250,5,true_repeat_different_config
fcad8c796a9ac221,d2_beef_uncontrolled,R1,classification,0,4,16,4000,,,R1_weight_shuffled,,55894c43f2c79405,1,1,1,e2526bc8a3c8,e9_size_d2_n4000,5,single_scored_evaluation
fcad8c796a9ac221,d2_beef_uncontrolled,R1,classification,0,4,16,500,,,R1_weight_shuffled,,ebf65bc6d6a2d42c,1,1,1,5ef9f26a4c53,e9_size_d2_n500,5,single_scored_evaluation
ff26c3b24c121196,d2_beef_uncontrolled,R4,classification,0,4,16,1000,,,R4_er_esn,,400e03e515117715,1,1,1,aeaa183639c5,e9_size_d2_n1000,5,single_scored_evaluation
ff26c3b24c121196,d2_beef_uncontrolled,R4,classification,0,4,16,2000,,,R4_er_esn,,37ae618e4a50ea75,1,1,1,45dea923f5eb,e9_size_d2_n2000,5,single_scored_evaluation
ff26c3b24c121196,d2_beef_uncontrolled,R4,classification,0,4,16,250,,,R4_er_esn,,7714d90310f582f6,2,2,2,2b681f4040fc|e2dbcef1dad6,e9_size_d2|e9_size_d2_n250,5,true_repeat_different_config
ff26c3b24c121196,d2_beef_uncontrolled,R4,classification,0,4,16,4000,,,R4_er_esn,,7e89ee8b36be7b4f,1,1,1,e2526bc8a3c8,e9_size_d2_n4000,5,single_scored_evaluation
ff26c3b24c121196,d2_beef_uncontrolled,R4,classification,0,4,16,500,,,R4_er_esn,,db1e3f40fa26cc3a,1,1,1,5ef9f26a4c53,e9_size_d2_n500,5,single_scored_evaluation
